,Game ID,Title,User Count,Positive Ratings,Game Link URL,Game Image URL
57,1686885941,brookhaven  rp,4134000.0,90.0,https://www.roblox.com/games/refer?IsLargeGameTile=false&PageId=51f457b8-3081-4a51-8e4f-e3030ea7daee&PageType=Games&PlaceId=4924922222&Position=1&SortName=Popular&SortPosition=3&LocalTimestamp=2021-03-14T01:27:36.421Z,https://t6.rbxcdn.com/dfd98e0480301444cd73a7c1a7b6d213
58,383310974,adopt me!,2694000.0,84.0,https://www.roblox.com/games/refer?IsLargeGameTile=false&PageId=51f457b8-3081-4a51-8e4f-e3030ea7daee&PageType=Games&PlaceId=920587237&Position=2&SortName=Popular&SortPosition=3&LocalTimestamp=2021-03-14T01:27:36.421Z,https://t0.rbxcdn.com/cb466f5fa3b68144f37076cd3e7944ae
67,140239261,  meepcity  ,973000.0,87.0,https://www.roblox.com/games/refer?IsLargeGameTile=false&PageId=51f457b8-3081-4a51-8e4f-e3030ea7daee&PageType=Games&PlaceId=370731277&Position=11&SortName=Popular&SortPosition=3&LocalTimestamp=2021-03-14T01:27:36.423Z,https://t1.rbxcdn.com/dfbba2e08704632c37a6d9b34be52dfd
27,88070565,welcome to bloxburg,964000.0,92.0,https://www.roblox.com/games/refer?IsLargeGameTile=false&PageId=51f457b8-3081-4a51-8e4f-e3030ea7daee&PageType=Games&PlaceId=185655149&Position=28&SortName=Curated_96&SortPosition=1&LocalTimestamp=2021-03-14T01:27:36.120Z,https://t4.rbxcdn.com/f4ea2e19483349646e4d704e015f2297
64,321778215,royale high,753000.0,87.0,https://www.roblox.com/games/refer?IsLargeGameTile=false&PageId=51f457b8-3081-4a51-8e4f-e3030ea7daee&PageType=Games&PlaceId=735030788&Position=8&SortName=Popular&SortPosition=3&LocalTimestamp=2021-03-14T01:27:36.423Z,https://t6.rbxcdn.com/aa771d4ecf154193b8af00ba2d5f15c7
62,994732206,[update 13] blox fruits,738000.0,92.0,https://www.roblox.com/games/refer?IsLargeGameTile=false&PageId=51f457b8-3081-4a51-8e4f-e3030ea7daee&PageType=Games&PlaceId=2753915549&Position=6&SortName=Popular&SortPosition=3&LocalTimestamp=2021-03-14T01:27:36.422Z,https://t3.rbxcdn.com/2fe384952ebad40491a5bedf34bc3a6e
65,66654135,murder mystery 2,738000.0,92.0,https://www.roblox.com/games/refer?IsLargeGameTile=false&PageId=51f457b8-3081-4a51-8e4f-e3030ea7daee&PageType=Games&PlaceId=142823291&Position=9&SortName=Popular&SortPosition=3&LocalTimestamp=2021-03-14T01:27:36.423Z,https://t2.rbxcdn.com/e7b42f0f038fa1295eb4a94e7d0b8b01
3,1348402608,dimension 5‚õ©Ô∏è anime fighting simulator,668000.0,95.0,https://www.roblox.com/games/refer?IsLargeGameTile=false&PageId=51f457b8-3081-4a51-8e4f-e3030ea7daee&PageType=Games&PlaceId=4042427666&Position=4&SortName=Curated_96&SortPosition=1&LocalTimestamp=2021-03-14T01:27:36.097Z,https://t7.rbxcdn.com/e3063a450fe0ef4c0af965359a9a9350
71,703124385,tower of hell,653000.0,76.0,https://www.roblox.com/games/refer?IsLargeGameTile=false&PageId=51f457b8-3081-4a51-8e4f-e3030ea7daee&PageType=Games&PlaceId=1962086868&Position=15&SortName=Popular&SortPosition=3&LocalTimestamp=2021-03-14T01:27:36.425Z,https://t6.rbxcdn.com/2b98737fe0a23d8706427ddc0ea6177d
5,1511883870,[update + 2x exp] shindo,547000.0,94.0,https://www.roblox.com/games/refer?IsLargeGameTile=false&PageId=51f457b8-3081-4a51-8e4f-e3030ea7daee&PageType=Games&PlaceId=4616652839&Position=6&SortName=Curated_96&SortPosition=1&LocalTimestamp=2021-03-14T01:27:36.098Z,https://t4.rbxcdn.com/b51419366bb66fb778719089d272cf71
60,111958650,arsenal,527000.0,88.0,https://www.roblox.com/games/refer?IsLargeGameTile=false&PageId=51f457b8-3081-4a51-8e4f-e3030ea7daee&PageType=Games&PlaceId=286090429&Position=4&SortName=Popular&SortPosition=3&LocalTimestamp=2021-03-14T01:27:36.422Z,https://t1.rbxcdn.com/90515929236cee47cf81ca107cecd9f5
79,1516533665,piggy [book 2] chapter 6!,482000.0,90.0,https://www.roblox.com/games/refer?IsLargeGameTile=false&PageId=51f457b8-3081-4a51-8e4f-e3030ea7daee&PageType=Games&PlaceId=4623386862&Position=23&SortName=Popular&SortPosition=3&LocalTimestamp=2021-03-14T01:27:36.427Z,https://t6.rbxcdn.com/b6d2bffc558ad083ebb019824388ae80
66,1720936166,[update!] all star tower defense,452000.0,93.0,https://www.roblox.com/games/refer?IsLargeGameTile=false&PageId=51f457b8-3081-4a51-8e4f-e3030ea7daee&PageType=Games&PlaceId=4996049426&Position=10&SortName=Popular&SortPosition=3&LocalTimestamp=2021-03-14T01:27:36.423Z,https://t6.rbxcdn.com/32c80f257349a15d68c0d559180f752e
68,245662005,  update! jailbreak,395000.0,88.0,https://www.roblox.com/games/refer?IsLargeGameTile=false&PageId=51f457b8-3081-4a51-8e4f-e3030ea7daee&PageType=Games&PlaceId=606849621&Position=12&SortName=Popular&SortPosition=3&LocalTimestamp=2021-03-14T01:27:36.423Z,https://t5.rbxcdn.com/52a7fb1feffed4f2b176d8f7e0b68c10
72,210851291,build a boat for treasure,309000.0,92.0,https://www.roblox.com/games/refer?IsLargeGameTile=false&PageId=51f457b8-3081-4a51-8e4f-e3030ea7daee&PageType=Games&PlaceId=537413528&Position=16&SortName=Popular&SortPosition=3&LocalTimestamp=2021-03-14T01:27:36.425Z,https://t6.rbxcdn.com/efb0ad2467d0b23da2e1be95bace0a0a
83,1852226622,gacha online| custom oc rp‚≠ê (roleplay),297000.0,68.0,https://www.roblox.com/games/refer?IsLargeGameTile=false&PageId=51f457b8-3081-4a51-8e4f-e3030ea7daee&PageType=Games&PlaceId=5289509545&Position=27&SortName=Popular&SortPosition=3&LocalTimestamp=2021-03-14T01:27:36.430Z,https://t5.rbxcdn.com/91e0bb74c330a239eef250bdd0698956
32,2404080894,[bad apple] funky friday,292000.0,88.0,https://www.roblox.com/games/refer?IsLargeGameTile=false&PageId=51f457b8-3081-4a51-8e4f-e3030ea7daee&PageType=Games&PlaceId=6447798030&Position=3&SortName=Curated_60&SortPosition=2&LocalTimestamp=2021-03-14T01:27:36.257Z,https://t1.rbxcdn.com/a59853646f792b8b9f7822f7d4295279
73,1451439645,[second sea] king piece  ,254000.0,90.0,https://www.roblox.com/games/refer?IsLargeGameTile=false&PageId=51f457b8-3081-4a51-8e4f-e3030ea7daee&PageType=Games&PlaceId=4520749081&Position=17&SortName=Popular&SortPosition=3&LocalTimestamp=2021-03-14T01:27:36.425Z,https://t7.rbxcdn.com/49dc46114e4299bc0b4b5aa97b8a0eaf
11,892043755,[‚ö°super event‚ö°] bubble gum simulator,236000.0,88.0,https://www.roblox.com/games/refer?IsLargeGameTile=false&PageId=51f457b8-3081-4a51-8e4f-e3030ea7daee&PageType=Games&PlaceId=2512643572&Position=12&SortName=Curated_96&SortPosition=1&LocalTimestamp=2021-03-14T01:27:36.110Z,https://t3.rbxcdn.com/7fd8695da03254565f8dc711ea4b8de5
10,601130232,bee swarm simulator,215000.0,94.0,https://www.roblox.com/games/refer?IsLargeGameTile=false&PageId=51f457b8-3081-4a51-8e4f-e3030ea7daee&PageType=Games&PlaceId=1537690962&Position=11&SortName=Curated_96&SortPosition=1&LocalTimestamp=2021-03-14T01:27:36.109Z,https://t2.rbxcdn.com/5a7af67e8aff4511fa2d2e8b1914a2e2
88,719754874,ragdoll engine,206000.0,87.0,https://www.roblox.com/games/refer?IsLargeGameTile=false&PageId=51f457b8-3081-4a51-8e4f-e3030ea7daee&PageType=Games&PlaceId=2041312716&Position=32&SortName=Popular&SortPosition=3&LocalTimestamp=2021-03-14T01:27:36.432Z,https://t2.rbxcdn.com/6b4fed665bb67338f858e992307a313f
80,2387288336,basically fnf,201000.0,91.0,https://www.roblox.com/games/refer?IsLargeGameTile=false&PageId=51f457b8-3081-4a51-8e4f-e3030ea7daee&PageType=Games&PlaceId=6417009050&Position=24&SortName=Popular&SortPosition=3&LocalTimestamp=2021-03-14T01:27:36.427Z,https://t7.rbxcdn.com/25947c463767476f61426c2607b058b8
22,1659645941,islands   [slime king!],197000.0,87.0,https://www.roblox.com/games/refer?IsLargeGameTile=false&PageId=51f457b8-3081-4a51-8e4f-e3030ea7daee&PageType=Games&PlaceId=4872321990&Position=23&SortName=Curated_96&SortPosition=1&LocalTimestamp=2021-03-14T01:27:36.118Z,https://t5.rbxcdn.com/a548135111c4d89cc08b2221d1db6aab
102,372226183,flee the facility [beta],185000.0,92.0,https://www.roblox.com/games/refer?IsLargeGameTile=false&PageId=51f457b8-3081-4a51-8e4f-e3030ea7daee&PageType=Games&PlaceId=893973440&Position=14&SortName=TopRated&SortPosition=4&LocalTimestamp=2021-03-14T01:27:36.825Z,https://t7.rbxcdn.com/3c97f2acb37f41653c5260736d4e87a6
145,1230230722,ü¶ã butterfly pets! club roblox,181000.0,89.0,https://www.roblox.com/games/refer?IsLargeGameTile=false&PageId=51f457b8-3081-4a51-8e4f-e3030ea7daee&PageType=Games&PlaceId=3457390032&Position=25&SortName=TopRetaining&SortPosition=5&LocalTimestamp=2021-03-14T01:27:36.987Z,https://t5.rbxcdn.com/b3d0187363d7156f2fa64f7fb6db990b
82,1008451066,da hood,163000.0,64.0,https://www.roblox.com/games/refer?IsLargeGameTile=false&PageId=51f457b8-3081-4a51-8e4f-e3030ea7daee&PageType=Games&PlaceId=2788229376&Position=26&SortName=Popular&SortPosition=3&LocalTimestamp=2021-03-14T01:27:36.430Z,https://t6.rbxcdn.com/a8c19583d951e1a8c0b59c1e2bc256a0
127,47545, work at a pizza place,157000.0,93.0,https://www.roblox.com/games/refer?IsLargeGameTile=false&PageId=51f457b8-3081-4a51-8e4f-e3030ea7daee&PageType=Games&PlaceId=192800&Position=7&SortName=TopRetaining&SortPosition=5&LocalTimestamp=2021-03-14T01:27:36.982Z,https://t7.rbxcdn.com/daa16e9de012ea70f12f34bcc6f3822c
85,2033913602,mall tycoon,152000.0,92.0,https://www.roblox.com/games/refer?IsLargeGameTile=false&PageId=51f457b8-3081-4a51-8e4f-e3030ea7daee&PageType=Games&PlaceId=5736409216&Position=29&SortName=Popular&SortPosition=3&LocalTimestamp=2021-03-14T01:27:36.431Z,https://t7.rbxcdn.com/af606d1e8814a0798b739639a95bd085
101,2327642508,[tradingü§ù] laundry simulator (beta),149000.0,88.0,https://www.roblox.com/games/refer?IsLargeGameTile=false&PageId=51f457b8-3081-4a51-8e4f-e3030ea7daee&PageType=Games&PlaceId=6305942109&Position=13&SortName=TopRated&SortPosition=4&LocalTimestamp=2021-03-14T01:27:36.825Z,https://t6.rbxcdn.com/be802f86cf1a04dc2c17f270180c0815
425,1268927906,  muscle legends,136000.0,86.0,https://www.roblox.com/games/refer?IsLargeGameTile=false&PageId=51f457b8-3081-4a51-8e4f-e3030ea7daee&PageType=Games&PlaceId=3623096087&Position=31&SortName=Curated_62&SortPosition=14&LocalTimestamp=2021-03-14T01:27:38.422Z,https://t4.rbxcdn.com/ac704abd46dc525d882bc6d50ab64ed2
376,1261193936,mega easy obby   650 stages!,129000.0,78.0,https://www.roblox.com/games/refer?IsLargeGameTile=false&PageId=51f457b8-3081-4a51-8e4f-e3030ea7daee&PageType=Games&PlaceId=3587619225&Position=12&SortName=Curated_63&SortPosition=13&LocalTimestamp=2021-03-14T01:27:38.023Z,https://t4.rbxcdn.com/76ae10ddc59275343f086fa045113922
240,1489026993, survive the killer!,126000.0,86.0,https://www.roblox.com/games/refer?IsLargeGameTile=false&PageId=51f457b8-3081-4a51-8e4f-e3030ea7daee&PageType=Games&PlaceId=4580204640&Position=4&SortName=Curated_94&SortPosition=9&LocalTimestamp=2021-03-14T01:27:37.323Z,https://t5.rbxcdn.com/842cc0e4ce3ad721a897151a395cf5d1
18,1016936714,„Äéheaven„Äèyour bizarre adventure,115000.0,85.0,https://www.roblox.com/games/refer?IsLargeGameTile=false&PageId=51f457b8-3081-4a51-8e4f-e3030ea7daee&PageType=Games&PlaceId=2809202155&Position=19&SortName=Curated_96&SortPosition=1&LocalTimestamp=2021-03-14T01:27:36.116Z,https://t7.rbxcdn.com/45491fb6ce39344b2e131f361deaecf4
35,2265532481,[mentors] project xl v3.7,114000.0,91.0,https://www.roblox.com/games/refer?IsLargeGameTile=false&PageId=51f457b8-3081-4a51-8e4f-e3030ea7daee&PageType=Games&PlaceId=6186867282&Position=6&SortName=Curated_60&SortPosition=2&LocalTimestamp=2021-03-14T01:27:36.258Z,https://t6.rbxcdn.com/4f86c4c433b371fa0ef547099b013c03
93,1934249057,tropical resort tycoon  ,112000.0,94.0,https://www.roblox.com/games/refer?IsLargeGameTile=false&PageId=51f457b8-3081-4a51-8e4f-e3030ea7daee&PageType=Games&PlaceId=5534174456&Position=5&SortName=TopRated&SortPosition=4&LocalTimestamp=2021-03-14T01:27:36.824Z,https://t1.rbxcdn.com/da7b7cde7f6e9bd487f243fe41e40a55
96,2322853480,my dragon tycoon ,108000.0,94.0,https://www.roblox.com/games/refer?IsLargeGameTile=false&PageId=51f457b8-3081-4a51-8e4f-e3030ea7daee&PageType=Games&PlaceId=6296076147&Position=8&SortName=TopRated&SortPosition=4&LocalTimestamp=2021-03-14T01:27:36.824Z,https://t0.rbxcdn.com/7b173d2064dda7eb3785a7c4a0bb1aab
105,321279858,sharkbite ü¶à,107000.0,89.0,https://www.roblox.com/games/refer?IsLargeGameTile=false&PageId=51f457b8-3081-4a51-8e4f-e3030ea7daee&PageType=Games&PlaceId=734159876&Position=17&SortName=TopRated&SortPosition=4&LocalTimestamp=2021-03-14T01:27:36.831Z,https://t4.rbxcdn.com/ff8e82a95b84ca21d6837dd38c4fe72b
295,254394801,kat!,105000.0,87.0,https://www.roblox.com/games/refer?IsLargeGameTile=false&PageId=51f457b8-3081-4a51-8e4f-e3030ea7daee&PageType=Games&PlaceId=621129760&Position=27&SortName=TopGrossing&SortPosition=10&LocalTimestamp=2021-03-14T01:27:37.694Z,https://t7.rbxcdn.com/ac9195cfbae95e2604f379e428824a56
237,110181652,epic minigames,104000.0,89.0,https://www.roblox.com/games/refer?IsLargeGameTile=false&PageId=51f457b8-3081-4a51-8e4f-e3030ea7daee&PageType=Games&PlaceId=277751860&Position=1&SortName=Curated_94&SortPosition=9&LocalTimestamp=2021-03-14T01:27:37.322Z,https://t7.rbxcdn.com/b1e65cd1cf965a83853debfda4fe70c3
116,1946019424,[new world]   little world,103000.0,92.0,https://www.roblox.com/games/refer?IsLargeGameTile=false&PageId=51f457b8-3081-4a51-8e4f-e3030ea7daee&PageType=Games&PlaceId=5569431582&Position=28&SortName=TopRated&SortPosition=4&LocalTimestamp=2021-03-14T01:27:36.834Z,https://t0.rbxcdn.com/cd8fcce10cf9e7408a7a1fe6d5d9647b
87,2114144926,[update] ultimate tower defense simulator,103000.0,91.0,https://www.roblox.com/games/refer?IsLargeGameTile=false&PageId=51f457b8-3081-4a51-8e4f-e3030ea7daee&PageType=Games&PlaceId=5902977746&Position=31&SortName=Popular&SortPosition=3&LocalTimestamp=2021-03-14T01:27:36.432Z,https://t1.rbxcdn.com/3b6642f26ee662998307c548c43c36b7
365,1480782352, update! vehicle legends,103000.0,88.0,https://www.roblox.com/games/refer?IsLargeGameTile=false&PageId=51f457b8-3081-4a51-8e4f-e3030ea7daee&PageType=Games&PlaceId=4566572536&Position=1&SortName=Curated_63&SortPosition=13&LocalTimestamp=2021-03-14T01:27:38.021Z,https://t5.rbxcdn.com/abe1b51e62e69736dfcedeea7edb75da
77,113491250,phantom forces,99000.0,92.0,https://www.roblox.com/games/refer?IsLargeGameTile=false&PageId=51f457b8-3081-4a51-8e4f-e3030ea7daee&PageType=Games&PlaceId=292439477&Position=21&SortName=Popular&SortPosition=3&LocalTimestamp=2021-03-14T01:27:36.426Z,https://t4.rbxcdn.com/a611ce9a7cc0062d231313285f3ff097
143,93740418,hide and seek extreme,96000.0,91.0,https://www.roblox.com/games/refer?IsLargeGameTile=false&PageId=51f457b8-3081-4a51-8e4f-e3030ea7daee&PageType=Games&PlaceId=205224386&Position=23&SortName=TopRetaining&SortPosition=5&LocalTimestamp=2021-03-14T01:27:36.986Z,https://t2.rbxcdn.com/47673aa3aec79fda7417f3fbdd7e50db
331,1247975681,big paintball!,96000.0,84.0,https://www.roblox.com/games/refer?IsLargeGameTile=false&PageId=51f457b8-3081-4a51-8e4f-e3030ea7daee&PageType=Games&PlaceId=3527629287&Position=31&SortName=Curated_81&SortPosition=11&LocalTimestamp=2021-03-14T01:27:37.535Z,https://t6.rbxcdn.com/05185fbd92bc775b80791e0623e4c44b
1,648454481,[2x logia ‚ù§Ô∏èvalentine event]grand piece online,92000.0,94.0,https://www.roblox.com/games/refer?IsLargeGameTile=false&PageId=51f457b8-3081-4a51-8e4f-e3030ea7daee&PageType=Games&PlaceId=1730877806&Position=2&SortName=Curated_96&SortPosition=1&LocalTimestamp=2021-03-14T01:27:36.095Z,https://t2.rbxcdn.com/896688dd962fb6854ad67a5976fdd91d
366,1701623492,tower of misery,92000.0,71.0,https://www.roblox.com/games/refer?IsLargeGameTile=false&PageId=51f457b8-3081-4a51-8e4f-e3030ea7daee&PageType=Games&PlaceId=4954752502&Position=2&SortName=Curated_63&SortPosition=13&LocalTimestamp=2021-03-14T01:27:38.022Z,https://t6.rbxcdn.com/54eadc91ef1d3f6a4cbddd4892d33e4d
437,1671887,two player obby,88000.0,62.0,https://www.roblox.com/games/refer?IsLargeGameTile=false&PageId=51f457b8-3081-4a51-8e4f-e3030ea7daee&PageType=Games&PlaceId=25525428&Position=11&SortName=Curated_56&SortPosition=15&LocalTimestamp=2021-03-14T01:27:37.953Z,https://t1.rbxcdn.com/f1e1521283033a48496218f869d6449e
329,605887098,  +3 cars!   car dealership tycoon,86000.0,84.0,https://www.roblox.com/games/refer?IsLargeGameTile=false&PageId=51f457b8-3081-4a51-8e4f-e3030ea7daee&PageType=Games&PlaceId=1554960397&Position=29&SortName=Curated_81&SortPosition=11&LocalTimestamp=2021-03-14T01:27:37.535Z,https://t0.rbxcdn.com/f8d7bff63864104a407536215593c67c
412,1335695570,‚ö°ninja legends,85000.0,91.0,https://www.roblox.com/games/refer?IsLargeGameTile=false&PageId=51f457b8-3081-4a51-8e4f-e3030ea7daee&PageType=Games&PlaceId=3956818381&Position=18&SortName=Curated_62&SortPosition=14&LocalTimestamp=2021-03-14T01:27:38.417Z,https://t0.rbxcdn.com/d0f2b271132a0f54e4a504ffb48935f9
463,228573408,super hero tycoon,83000.0,80.0,https://www.roblox.com/games/refer?IsLargeGameTile=false&PageId=51f457b8-3081-4a51-8e4f-e3030ea7daee&PageType=Games&PlaceId=574407221&Position=21&SortName=Curated_58&SortPosition=16&LocalTimestamp=2021-03-14T01:27:38.170Z,https://t5.rbxcdn.com/6a0822d3a1335c92aa39cb1a3c8a6751
147,2203488982,rage runner üßü‚Äç‚ôÇÔ∏ègarden event!,83000.0,64.0,https://www.roblox.com/games/refer?IsLargeGameTile=false&PageId=51f457b8-3081-4a51-8e4f-e3030ea7daee&PageType=Games&PlaceId=6073366803&Position=27&SortName=TopRetaining&SortPosition=5&LocalTimestamp=2021-03-14T01:27:36.987Z,https://t0.rbxcdn.com/8d228d7762481fb19fa01b2967250fa4
94,65241,natural disaster survival,82000.0,90.0,https://www.roblox.com/games/refer?IsLargeGameTile=false&PageId=51f457b8-3081-4a51-8e4f-e3030ea7daee&PageType=Games&PlaceId=189707&Position=6&SortName=TopRated&SortPosition=4&LocalTimestamp=2021-03-14T01:27:36.824Z,https://t1.rbxcdn.com/3b37ea283838f2c037e468316ef6abba
239,2126386806,color block,81000.0,87.0,https://www.roblox.com/games/refer?IsLargeGameTile=false&PageId=51f457b8-3081-4a51-8e4f-e3030ea7daee&PageType=Games&PlaceId=5926001758&Position=3&SortName=Curated_94&SortPosition=9&LocalTimestamp=2021-03-14T01:27:37.322Z,https://t6.rbxcdn.com/06f69b7e5dd7c0e2ab70ec30f8cd111a
24,97314177,[ramen guy] ninja tycoon (v3.6),78000.0,88.0,https://www.roblox.com/games/refer?IsLargeGameTile=false&PageId=51f457b8-3081-4a51-8e4f-e3030ea7daee&PageType=Games&PlaceId=221718525&Position=25&SortName=Curated_96&SortPosition=1&LocalTimestamp=2021-03-14T01:27:36.119Z,https://t0.rbxcdn.com/76d5f6e1eaac4e27c3b49f34fbc3daf0
340,171035019,robloxian high school,77000.0,86.0,https://www.roblox.com/games/refer?IsLargeGameTile=false&PageId=51f457b8-3081-4a51-8e4f-e3030ea7daee&PageType=Games&PlaceId=447452406&Position=8&SortName=Curated_64&SortPosition=12&LocalTimestamp=2021-03-14T01:27:37.791Z,https://t3.rbxcdn.com/7ffc93d2e639b920003415fd6047b26f
373,1452258989,[free admin],76000.0,67.0,https://www.roblox.com/games/refer?IsLargeGameTile=false&PageId=51f457b8-3081-4a51-8e4f-e3030ea7daee&PageType=Games&PlaceId=4522347649&Position=9&SortName=Curated_63&SortPosition=13&LocalTimestamp=2021-03-14T01:27:38.022Z,https://t3.rbxcdn.com/6829559ed1cdf0989d3636545a46d879
364,1072353049,[hunters] forgotten worlds,75000.0,89.0,https://www.roblox.com/games/refer?IsLargeGameTile=false&PageId=51f457b8-3081-4a51-8e4f-e3030ea7daee&PageType=Games&PlaceId=2968914904&Position=32&SortName=Curated_64&SortPosition=12&LocalTimestamp=2021-03-14T01:27:37.810Z,https://t3.rbxcdn.com/729feb3d1bf84c2b697fdc045c9b5823
29,578392296,[ saitama & gilgamesh ] anime battle arena,73000.0,86.0,https://www.roblox.com/games/refer?IsLargeGameTile=false&PageId=51f457b8-3081-4a51-8e4f-e3030ea7daee&PageType=Games&PlaceId=1458767429&Position=30&SortName=Curated_96&SortPosition=1&LocalTimestamp=2021-03-14T01:27:36.121Z,https://t6.rbxcdn.com/a4b3b7ba1957cbc5c28e6d294f33915d
290,1176784616, tower defense simulator ,71000.0,92.0,https://www.roblox.com/games/refer?IsLargeGameTile=false&PageId=51f457b8-3081-4a51-8e4f-e3030ea7daee&PageType=Games&PlaceId=3260590327&Position=22&SortName=TopGrossing&SortPosition=10&LocalTimestamp=2021-03-14T01:27:37.693Z,https://t1.rbxcdn.com/ac9d933f0e2691c359da6a7fd0ec7f38
104,274816972,[mega derby] car crushers 2,71000.0,92.0,https://www.roblox.com/games/refer?IsLargeGameTile=false&PageId=51f457b8-3081-4a51-8e4f-e3030ea7daee&PageType=Games&PlaceId=654732683&Position=16&SortName=TopRated&SortPosition=4&LocalTimestamp=2021-03-14T01:27:36.826Z,https://t4.rbxcdn.com/c26597b5528b69b290eae13c1fd22796
355,547524060,feather family ü¶ú[macaw],64000.0,91.0,https://www.roblox.com/games/refer?IsLargeGameTile=false&PageId=51f457b8-3081-4a51-8e4f-e3030ea7daee&PageType=Games&PlaceId=1365404657&Position=23&SortName=Curated_64&SortPosition=12&LocalTimestamp=2021-03-14T01:27:37.798Z,https://t0.rbxcdn.com/cfa8e750802a8a3a084775ca1acc68e4
90,911750776,broken bones iv,62000.0,88.0,https://www.roblox.com/games/refer?IsLargeGameTile=false&PageId=51f457b8-3081-4a51-8e4f-e3030ea7daee&PageType=Games&PlaceId=2551991523&Position=2&SortName=TopRated&SortPosition=4&LocalTimestamp=2021-03-14T01:27:36.823Z,https://t3.rbxcdn.com/65eab6f4954ac2843443605dbc9f9c46
25,2471084,lumber tycoon 2,59000.0,87.0,https://www.roblox.com/games/refer?IsLargeGameTile=false&PageId=51f457b8-3081-4a51-8e4f-e3030ea7daee&PageType=Games&PlaceId=13822889&Position=26&SortName=Curated_96&SortPosition=1&LocalTimestamp=2021-03-14T01:27:36.119Z,https://t5.rbxcdn.com/0d146835b6f3c93c1bd93db1890babf4
41,2341107266,[quests] pet swarm simulator,58000.0,88.0,https://www.roblox.com/games/refer?IsLargeGameTile=false&PageId=51f457b8-3081-4a51-8e4f-e3030ea7daee&PageType=Games&PlaceId=6331132338&Position=12&SortName=Curated_60&SortPosition=2&LocalTimestamp=2021-03-14T01:27:36.263Z,https://t5.rbxcdn.com/1e2ffdc42afc3fba5ee3d2948f8ac56e
97,2047210140,[pour it up | +1] ttd 3,58000.0,90.0,https://www.roblox.com/games/refer?IsLargeGameTile=false&PageId=51f457b8-3081-4a51-8e4f-e3030ea7daee&PageType=Games&PlaceId=5771467270&Position=9&SortName=TopRated&SortPosition=4&LocalTimestamp=2021-03-14T01:27:36.824Z,https://t4.rbxcdn.com/1f5a8f7fdab8846f974b653e9b7af750
140,1465584587,[pirates!]  mega noob simulator ,57000.0,86.0,https://www.roblox.com/games/refer?IsLargeGameTile=false&PageId=51f457b8-3081-4a51-8e4f-e3030ea7daee&PageType=Games&PlaceId=4543144283&Position=20&SortName=TopRetaining&SortPosition=5&LocalTimestamp=2021-03-14T01:27:36.986Z,https://t3.rbxcdn.com/d51c961ad31322d3fcbd423381f1d841
8,79301772,  plane crazy,56000.0,80.0,https://www.roblox.com/games/refer?IsLargeGameTile=false&PageId=51f457b8-3081-4a51-8e4f-e3030ea7daee&PageType=Games&PlaceId=166986752&Position=9&SortName=Curated_96&SortPosition=1&LocalTimestamp=2021-03-14T01:27:36.107Z,https://t5.rbxcdn.com/333d6434b04da41177e26068909ec58c
86,380704901,[retatarak1!] ro-ghoul [alpha],53000.0,90.0,https://www.roblox.com/games/refer?IsLargeGameTile=false&PageId=51f457b8-3081-4a51-8e4f-e3030ea7daee&PageType=Games&PlaceId=914010731&Position=30&SortName=Popular&SortPosition=3&LocalTimestamp=2021-03-14T01:27:36.431Z,https://t7.rbxcdn.com/1f909ef27573834970dff205bfe07cbe
129,1214576306,restaurant tycoon 2,52000.0,90.0,https://www.roblox.com/games/refer?IsLargeGameTile=false&PageId=51f457b8-3081-4a51-8e4f-e3030ea7daee&PageType=Games&PlaceId=3398014311&Position=9&SortName=TopRetaining&SortPosition=5&LocalTimestamp=2021-03-14T01:27:36.983Z,https://t1.rbxcdn.com/fd6d9ce90f4163b13e46b363f20180e5
4,117307972,(sweet retreat event) loomian legacy,51000.0,92.0,https://www.roblox.com/games/refer?IsLargeGameTile=false&PageId=51f457b8-3081-4a51-8e4f-e3030ea7daee&PageType=Games&PlaceId=306964494&Position=5&SortName=Curated_96&SortPosition=1&LocalTimestamp=2021-03-14T01:27:36.097Z,https://t7.rbxcdn.com/44fd43c5f806da81a99239817f85cdb6
139,123765998,[parkour],51000.0,72.0,https://www.roblox.com/games/refer?IsLargeGameTile=false&PageId=51f457b8-3081-4a51-8e4f-e3030ea7daee&PageType=Games&PlaceId=334092232&Position=19&SortName=TopRetaining&SortPosition=5&LocalTimestamp=2021-03-14T01:27:36.985Z,https://t2.rbxcdn.com/9d5051cbe97b345dcde3de16ec2075e3
12,985731078,world // zero,51000.0,94.0,https://www.roblox.com/games/refer?IsLargeGameTile=false&PageId=51f457b8-3081-4a51-8e4f-e3030ea7daee&PageType=Games&PlaceId=2727067538&Position=13&SortName=Curated_96&SortPosition=1&LocalTimestamp=2021-03-14T01:27:36.111Z,https://t1.rbxcdn.com/77decffd64cc9a8adc61d352621aad9c
394,1963369849,tower of fun   66 stages,51000.0,55.0,https://www.roblox.com/games/refer?IsLargeGameTile=false&PageId=51f457b8-3081-4a51-8e4f-e3030ea7daee&PageType=Games&PlaceId=5609538200&Position=30&SortName=Curated_63&SortPosition=13&LocalTimestamp=2021-03-14T01:27:38.025Z,https://t5.rbxcdn.com/8017758dfd179f2107f8896798ccf52c
241,1168263273,[awp!] bad business 2.22,51000.0,86.0,https://www.roblox.com/games/refer?IsLargeGameTile=false&PageId=51f457b8-3081-4a51-8e4f-e3030ea7daee&PageType=Games&PlaceId=3233893879&Position=5&SortName=Curated_94&SortPosition=9&LocalTimestamp=2021-03-14T01:27:37.323Z,https://t4.rbxcdn.com/e0658795a9cf87850da898838afa9d49
50,2401411291,[mobile support] even more fnf,47000.0,81.0,https://www.roblox.com/games/refer?IsLargeGameTile=false&PageId=51f457b8-3081-4a51-8e4f-e3030ea7daee&PageType=Games&PlaceId=6442833707&Position=21&SortName=Curated_60&SortPosition=2&LocalTimestamp=2021-03-14T01:27:36.271Z,https://t4.rbxcdn.com/019ab7979d5cfa8cdea10ad00968a433
409,1369180976,mortem metallum [alpha],46000.0,75.0,https://www.roblox.com/games/refer?IsLargeGameTile=false&PageId=51f457b8-3081-4a51-8e4f-e3030ea7daee&PageType=Games&PlaceId=4169490976&Position=15&SortName=Curated_62&SortPosition=14&LocalTimestamp=2021-03-14T01:27:38.417Z,https://t1.rbxcdn.com/1e34aecf06f832d39673d2b6d396ab6f
21,1000233041,scp-3008 [2.4],46000.0,90.0,https://www.roblox.com/games/refer?IsLargeGameTile=false&PageId=51f457b8-3081-4a51-8e4f-e3030ea7daee&PageType=Games&PlaceId=2768379856&Position=22&SortName=Curated_96&SortPosition=1&LocalTimestamp=2021-03-14T01:27:36.118Z,https://t1.rbxcdn.com/7522d861ad428f90b07cbdb7d6447a1c
33,2135935983,trade‚ö°knight heroes,44000.0,91.0,https://www.roblox.com/games/refer?IsLargeGameTile=false&PageId=51f457b8-3081-4a51-8e4f-e3030ea7daee&PageType=Games&PlaceId=5943856429&Position=4&SortName=Curated_60&SortPosition=2&LocalTimestamp=2021-03-14T01:27:36.257Z,https://t0.rbxcdn.com/e17114f6c9b7037f3020b06dbc5beace
389,1310079979,princess tycoon,44000.0,65.0,https://www.roblox.com/games/refer?IsLargeGameTile=false&PageId=51f457b8-3081-4a51-8e4f-e3030ea7daee&PageType=Games&PlaceId=3804735158&Position=25&SortName=Curated_63&SortPosition=13&LocalTimestamp=2021-03-14T01:27:38.025Z,https://t5.rbxcdn.com/9ef120dc1d2c9b1ca422fbbf948cf99d
39,1024564064,horse valley,43000.0,89.0,https://www.roblox.com/games/refer?IsLargeGameTile=false&PageId=51f457b8-3081-4a51-8e4f-e3030ea7daee&PageType=Games&PlaceId=2830250344&Position=10&SortName=Curated_60&SortPosition=2&LocalTimestamp=2021-03-14T01:27:36.260Z,https://t4.rbxcdn.com/e69a462c0cd2cb8f8ba1f6c7ae522952
384,1853824356,speed run simulator   [st. patrick event],43000.0,84.0,https://www.roblox.com/games/refer?IsLargeGameTile=false&PageId=51f457b8-3081-4a51-8e4f-e3030ea7daee&PageType=Games&PlaceId=5293755937&Position=20&SortName=Curated_63&SortPosition=13&LocalTimestamp=2021-03-14T01:27:38.024Z,https://t0.rbxcdn.com/595c7e1f018efdcdd89bedbf2743721e
336,2176323729,bloxtopia  Ô∏è paradise life,43000.0,79.0,https://www.roblox.com/games/refer?IsLargeGameTile=false&PageId=51f457b8-3081-4a51-8e4f-e3030ea7daee&PageType=Games&PlaceId=6020526708&Position=4&SortName=Curated_64&SortPosition=12&LocalTimestamp=2021-03-14T01:27:37.790Z,https://t6.rbxcdn.com/d9d7f812c2819800eb8c3a1a7313937f
339,211134933,sale! dragons' life,42000.0,92.0,https://www.roblox.com/games/refer?IsLargeGameTile=false&PageId=51f457b8-3081-4a51-8e4f-e3030ea7daee&PageType=Games&PlaceId=537991124&Position=7&SortName=Curated_64&SortPosition=12&LocalTimestamp=2021-03-14T01:27:37.791Z,https://t3.rbxcdn.com/ddaa808816445f511ec3c60f64ee909a
284,903807016,emergency response: liberty county,42000.0,93.0,https://www.roblox.com/games/refer?IsLargeGameTile=false&PageId=51f457b8-3081-4a51-8e4f-e3030ea7daee&PageType=Games&PlaceId=2534724415&Position=16&SortName=TopGrossing&SortPosition=10&LocalTimestamp=2021-03-14T01:27:37.692Z,https://t2.rbxcdn.com/d50cb9ccf47ef3e678ebfc414db4faba
417,1294246302,boxing league ü•ä,41000.0,81.0,https://www.roblox.com/games/refer?IsLargeGameTile=false&PageId=51f457b8-3081-4a51-8e4f-e3030ea7daee&PageType=Games&PlaceId=3738091713&Position=23&SortName=Curated_62&SortPosition=14&LocalTimestamp=2021-03-14T01:27:38.419Z,https://t5.rbxcdn.com/64cf711641a68f104f2ff6658bf24c27
436,1108432543,(new!) escape prison obby! (read desc),41000.0,52.0,https://www.roblox.com/games/refer?IsLargeGameTile=false&PageId=51f457b8-3081-4a51-8e4f-e3030ea7daee&PageType=Games&PlaceId=3072832953&Position=10&SortName=Curated_56&SortPosition=15&LocalTimestamp=2021-03-14T01:27:37.953Z,https://t0.rbxcdn.com/26d32313c6bc8827cae11f95e5dc3ab4
335,371263894,greenville,41000.0,83.0,https://www.roblox.com/games/refer?IsLargeGameTile=false&PageId=51f457b8-3081-4a51-8e4f-e3030ea7daee&PageType=Games&PlaceId=891852901&Position=3&SortName=Curated_64&SortPosition=12&LocalTimestamp=2021-03-14T01:27:37.789Z,https://t6.rbxcdn.com/2dc50b752e2afe63289387c16d937229
107,1751969566,overlook bay! ,41000.0,85.0,https://www.roblox.com/games/refer?IsLargeGameTile=false&PageId=51f457b8-3081-4a51-8e4f-e3030ea7daee&PageType=Games&PlaceId=5063122755&Position=19&SortName=TopRated&SortPosition=4&LocalTimestamp=2021-03-14T01:27:36.832Z,https://t7.rbxcdn.com/ff75bfee673e8cd7ca12c63511bff450
345,1769712451,southwest florida beta,41000.0,87.0,https://www.roblox.com/games/refer?IsLargeGameTile=false&PageId=51f457b8-3081-4a51-8e4f-e3030ea7daee&PageType=Games&PlaceId=5104202731&Position=13&SortName=Curated_64&SortPosition=12&LocalTimestamp=2021-03-14T01:27:37.793Z,https://t5.rbxcdn.com/c6219627a66e1fefd7b2527e7b8a615f
26,1053132402,[+200 part limit!] obby creator,41000.0,75.0,https://www.roblox.com/games/refer?IsLargeGameTile=false&PageId=51f457b8-3081-4a51-8e4f-e3030ea7daee&PageType=Games&PlaceId=2913303231&Position=27&SortName=Curated_96&SortPosition=1&LocalTimestamp=2021-03-14T01:27:36.120Z,https://t0.rbxcdn.com/cefcdb7d5e73cad7fceaea2aaf2a9abd
89,1691616425,my hero mania,39000.0,93.0,https://www.roblox.com/games/refer?IsLargeGameTile=false&PageId=51f457b8-3081-4a51-8e4f-e3030ea7daee&PageType=Games&PlaceId=4934471106&Position=1&SortName=TopRated&SortPosition=4&LocalTimestamp=2021-03-14T01:27:36.823Z,https://t3.rbxcdn.com/6762bb988b3efa7996ef0df8dfb8d766
36,1998941219,  tiny town   tycoon,39000.0,88.0,https://www.roblox.com/games/refer?IsLargeGameTile=false&PageId=51f457b8-3081-4a51-8e4f-e3030ea7daee&PageType=Games&PlaceId=5670398739&Position=7&SortName=Curated_60&SortPosition=2&LocalTimestamp=2021-03-14T01:27:36.258Z,https://t1.rbxcdn.com/0cc8a70941d727fde657edafd4e366ed
343,1892760830, babies!  seaboard city rp,39000.0,85.0,https://www.roblox.com/games/refer?IsLargeGameTile=false&PageId=51f457b8-3081-4a51-8e4f-e3030ea7daee&PageType=Games&PlaceId=5407396567&Position=11&SortName=Curated_64&SortPosition=12&LocalTimestamp=2021-03-14T01:27:37.792Z,https://t0.rbxcdn.com/bea667ea1e0dbe84c91316205edc2898
15,1831550657,prabiki! creatures of sonaria,38000.0,90.0,https://www.roblox.com/games/refer?IsLargeGameTile=false&PageId=51f457b8-3081-4a51-8e4f-e3030ea7daee&PageType=Games&PlaceId=5233782396&Position=16&SortName=Curated_96&SortPosition=1&LocalTimestamp=2021-03-14T01:27:36.114Z,https://t0.rbxcdn.com/96b3ce5528726a2ab14b9ee90632cba6
13,1077961373, [xbox + gems!] giant simulator,37000.0,84.0,https://www.roblox.com/games/refer?IsLargeGameTile=false&PageId=51f457b8-3081-4a51-8e4f-e3030ea7daee&PageType=Games&PlaceId=2986677229&Position=14&SortName=Curated_96&SortPosition=1&LocalTimestamp=2021-03-14T01:27:36.112Z,https://t2.rbxcdn.com/64064d3c3db1392e28a210d71bc6a6b0
367,1235188606,‚ú® legendary potion! dragon adventures,37000.0,88.0,https://www.roblox.com/games/refer?IsLargeGameTile=false&PageId=51f457b8-3081-4a51-8e4f-e3030ea7daee&PageType=Games&PlaceId=3475397644&Position=3&SortName=Curated_63&SortPosition=13&LocalTimestamp=2021-03-14T01:27:38.022Z,https://t7.rbxcdn.com/a02c4c56be410a48dd207f193b7e2188
368,2247578975,escape the carnival of terror obby!,37000.0,54.0,https://www.roblox.com/games/refer?IsLargeGameTile=false&PageId=51f457b8-3081-4a51-8e4f-e3030ea7daee&PageType=Games&PlaceId=6153766069&Position=4&SortName=Curated_63&SortPosition=13&LocalTimestamp=2021-03-14T01:27:38.022Z,https://t2.rbxcdn.com/60614212eaa41d792568d98f8cc1cc9a
23,1840897362,3-2-1 blast off simulator,37000.0,90.0,https://www.roblox.com/games/refer?IsLargeGameTile=false&PageId=51f457b8-3081-4a51-8e4f-e3030ea7daee&PageType=Games&PlaceId=5256165620&Position=24&SortName=Curated_96&SortPosition=1&LocalTimestamp=2021-03-14T01:27:36.118Z,https://t4.rbxcdn.com/813b0266d628f8bc78521780bdf7308d
34,1319713712,munching masters  ,36000.0,82.0,https://www.roblox.com/games/refer?IsLargeGameTile=false&PageId=51f457b8-3081-4a51-8e4f-e3030ea7daee&PageType=Games&PlaceId=3859039810&Position=5&SortName=Curated_60&SortPosition=2&LocalTimestamp=2021-03-14T01:27:36.258Z,https://t0.rbxcdn.com/583fc52adbd1b7f057d10c5c2d46a858
169,1073273083,cook burgers,36000.0,81.0,https://www.roblox.com/games/refer?IsLargeGameTile=false&PageId=51f457b8-3081-4a51-8e4f-e3030ea7daee&PageType=Games&PlaceId=2971329387&Position=17&SortName=Curated_71&SortPosition=6&LocalTimestamp=2021-03-14T01:27:37.120Z,https://t0.rbxcdn.com/b7155d6b2fe9a51d4e70dee69a4e03ea
51,1581656817,[lucky day] shoot out!,35000.0,77.0,https://www.roblox.com/games/refer?IsLargeGameTile=false&PageId=51f457b8-3081-4a51-8e4f-e3030ea7daee&PageType=Games&PlaceId=4738545896&Position=22&SortName=Curated_60&SortPosition=2&LocalTimestamp=2021-03-14T01:27:36.271Z,https://t7.rbxcdn.com/fd90b11f1731c6894cbd7b52bef59133
91,158603116,downfall [sandbox],35000.0,93.0,https://www.roblox.com/games/refer?IsLargeGameTile=false&PageId=51f457b8-3081-4a51-8e4f-e3030ea7daee&PageType=Games&PlaceId=418574428&Position=3&SortName=TopRated&SortPosition=4&LocalTimestamp=2021-03-14T01:27:36.823Z,https://t7.rbxcdn.com/bddc16219fa7f67686f24c6b897cfe6d
245,1714690060,corridor of hell,35000.0,69.0,https://www.roblox.com/games/refer?IsLargeGameTile=false&PageId=51f457b8-3081-4a51-8e4f-e3030ea7daee&PageType=Games&PlaceId=4982363836&Position=9&SortName=Curated_94&SortPosition=9&LocalTimestamp=2021-03-14T01:27:37.325Z,https://t7.rbxcdn.com/c5426e62bb9e9e8670f652b649b3276b
55,2032463184,ü¶ñdino tower defenceü¶ñ - world defenders,35000.0,85.0,https://www.roblox.com/games/refer?IsLargeGameTile=false&PageId=51f457b8-3081-4a51-8e4f-e3030ea7daee&PageType=Games&PlaceId=5732966938&Position=26&SortName=Curated_60&SortPosition=2&LocalTimestamp=2021-03-14T01:27:36.281Z,https://t4.rbxcdn.com/942e7517707470c34aedfbb3a47b8a17
54,98839997,dinosaur simulator [new kaijul!],35000.0,80.0,https://www.roblox.com/games/refer?IsLargeGameTile=false&PageId=51f457b8-3081-4a51-8e4f-e3030ea7daee&PageType=Games&PlaceId=228181322&Position=25&SortName=Curated_60&SortPosition=2&LocalTimestamp=2021-03-14T01:27:36.272Z,https://t7.rbxcdn.com/2f58b20457731a2cdf4d72b30c7c1baa
418,2058632064,ü•îcodeü•î murder mystery 3,35000.0,79.0,https://www.roblox.com/games/refer?IsLargeGameTile=false&PageId=51f457b8-3081-4a51-8e4f-e3030ea7daee&PageType=Games&PlaceId=5801771332&Position=24&SortName=Curated_62&SortPosition=14&LocalTimestamp=2021-03-14T01:27:38.420Z,https://t5.rbxcdn.com/8fa08c2b06e0c5526e72864ad43ed281
334,485929611,[ravine oasis] horse world,35000.0,88.0,https://www.roblox.com/games/refer?IsLargeGameTile=false&PageId=51f457b8-3081-4a51-8e4f-e3030ea7daee&PageType=Games&PlaceId=1185902301&Position=2&SortName=Curated_64&SortPosition=12&LocalTimestamp=2021-03-14T01:27:37.789Z,https://t1.rbxcdn.com/f75e3ad1866fddd1ce941c41e28f0060
7,940024091,[ bosses ] super power fighting simulator,34000.0,91.0,https://www.roblox.com/games/refer?IsLargeGameTile=false&PageId=51f457b8-3081-4a51-8e4f-e3030ea7daee&PageType=Games&PlaceId=2619187362&Position=8&SortName=Curated_96&SortPosition=1&LocalTimestamp=2021-03-14T01:27:36.107Z,https://t1.rbxcdn.com/2168d39144690bb9916b5fc95734871d
296,1087859240,rogue lineage,33000.0,84.0,https://www.roblox.com/games/refer?IsLargeGameTile=false&PageId=51f457b8-3081-4a51-8e4f-e3030ea7daee&PageType=Games&PlaceId=3016661674&Position=28&SortName=TopGrossing&SortPosition=10&LocalTimestamp=2021-03-14T01:27:37.695Z,https://t5.rbxcdn.com/caf666176fe4308b9bb6d0664ac7e144
56,2381788829,escape mcdonalds parkour obby!,33000.0,82.0,https://www.roblox.com/games/refer?IsLargeGameTile=false&PageId=51f457b8-3081-4a51-8e4f-e3030ea7daee&PageType=Games&PlaceId=6406743674&Position=27&SortName=Curated_60&SortPosition=2&LocalTimestamp=2021-03-14T01:27:36.281Z,https://t1.rbxcdn.com/518152bbe035c6fa037b28b6a42204b6
362,1383749415,family paradise,33000.0,74.0,https://www.roblox.com/games/refer?IsLargeGameTile=false&PageId=51f457b8-3081-4a51-8e4f-e3030ea7daee&PageType=Games&PlaceId=4241242833&Position=30&SortName=Curated_64&SortPosition=12&LocalTimestamp=2021-03-14T01:27:37.809Z,https://t0.rbxcdn.com/e638535091b1ccf282ecfd7f7b3a1864
42,2294125564,demon tower defense[beta],33000.0,88.0,https://www.roblox.com/games/refer?IsLargeGameTile=false&PageId=51f457b8-3081-4a51-8e4f-e3030ea7daee&PageType=Games&PlaceId=6243611442&Position=13&SortName=Curated_60&SortPosition=2&LocalTimestamp=2021-03-14T01:27:36.263Z,https://t1.rbxcdn.com/06f49ca2ee1d4db1588a5a33d333d305
45,1692631458,splash music ‚≠ê[kai concert],33000.0,90.0,https://www.roblox.com/games/refer?IsLargeGameTile=false&PageId=51f457b8-3081-4a51-8e4f-e3030ea7daee&PageType=Games&PlaceId=4936591712&Position=16&SortName=Curated_60&SortPosition=2&LocalTimestamp=2021-03-14T01:27:36.268Z,https://t0.rbxcdn.com/b90b28e3c4c1dc7bb8c12d4baa4b9208
37,156428258,clone tycoon 2,33000.0,91.0,https://www.roblox.com/games/refer?IsLargeGameTile=false&PageId=51f457b8-3081-4a51-8e4f-e3030ea7daee&PageType=Games&PlaceId=413424176&Position=8&SortName=Curated_60&SortPosition=2&LocalTimestamp=2021-03-14T01:27:36.259Z,https://t2.rbxcdn.com/4d434ca24966fcaed8e21a119a47fb86
399,1312971993,saber simulator,33000.0,86.0,https://www.roblox.com/games/refer?IsLargeGameTile=false&PageId=51f457b8-3081-4a51-8e4f-e3030ea7daee&PageType=Games&PlaceId=3823781113&Position=5&SortName=Curated_62&SortPosition=14&LocalTimestamp=2021-03-14T01:27:38.415Z,https://t5.rbxcdn.com/5a2d299d224abed1561632a21a485a9f
374,1831305869,[very rare b-side fnf spec & 12x]a bizarre journey,32000.0,70.0,https://www.roblox.com/games/refer?IsLargeGameTile=false&PageId=51f457b8-3081-4a51-8e4f-e3030ea7daee&PageType=Games&PlaceId=5233268561&Position=10&SortName=Curated_63&SortPosition=13&LocalTimestamp=2021-03-14T01:27:38.023Z,https://t5.rbxcdn.com/042a1d98ca662df72f5d03b771eebe79
228,1701332290,field trip z [  santa ending],32000.0,87.0,https://www.roblox.com/games/refer?IsLargeGameTile=false&PageId=51f457b8-3081-4a51-8e4f-e3030ea7daee&PageType=Games&PlaceId=4954096313&Position=12&SortName=Featured&SortPosition=8&LocalTimestamp=2021-03-14T01:27:36.543Z,https://t5.rbxcdn.com/1a9447050a2e2747c549d613457ef9f0
46,37146255, the neighborhood of robloxia,32000.0,85.0,https://www.roblox.com/games/refer?IsLargeGameTile=false&PageId=51f457b8-3081-4a51-8e4f-e3030ea7daee&PageType=Games&PlaceId=92898409&Position=17&SortName=Curated_60&SortPosition=2&LocalTimestamp=2021-03-14T01:27:36.268Z,https://t2.rbxcdn.com/e0422ab192c1f8c94444cbc8819bb067
40,2181261101,waterpark tycoon,32000.0,97.0,https://www.roblox.com/games/refer?IsLargeGameTile=false&PageId=51f457b8-3081-4a51-8e4f-e3030ea7daee&PageType=Games&PlaceId=6031005058&Position=11&SortName=Curated_60&SortPosition=2&LocalTimestamp=2021-03-14T01:27:36.260Z,https://t2.rbxcdn.com/dab98d60665a36f029d392d03365da21
352,2370837191,adopt a baby,32000.0,79.0,https://www.roblox.com/games/refer?IsLargeGameTile=false&PageId=51f457b8-3081-4a51-8e4f-e3030ea7daee&PageType=Games&PlaceId=6385944073&Position=20&SortName=Curated_64&SortPosition=12&LocalTimestamp=2021-03-14T01:27:37.796Z,https://t6.rbxcdn.com/eb10adf8154ad27613850ec880397e03
478,540856839,treasure hunt simulator,32000.0,90.0,https://www.roblox.com/games/refer?IsLargeGameTile=false&PageId=51f457b8-3081-4a51-8e4f-e3030ea7daee&PageType=Games&PlaceId=1345139196&Position=10&SortName=Curated_57&SortPosition=17&LocalTimestamp=2021-03-14T01:27:38.252Z,https://t6.rbxcdn.com/a6246f642ba39f3dd0cb6d36bf7a24f8
414,1275875292,  lifting simulator,32000.0,85.0,https://www.roblox.com/games/refer?IsLargeGameTile=false&PageId=51f457b8-3081-4a51-8e4f-e3030ea7daee&PageType=Games&PlaceId=3652625463&Position=20&SortName=Curated_62&SortPosition=14&LocalTimestamp=2021-03-14T01:27:38.419Z,https://t3.rbxcdn.com/28707543f1d8982d7e82bd31d901fcc6
392,2151379579,easy obby!,31000.0,72.0,https://www.roblox.com/games/refer?IsLargeGameTile=false&PageId=51f457b8-3081-4a51-8e4f-e3030ea7daee&PageType=Games&PlaceId=5972698540&Position=28&SortName=Curated_63&SortPosition=13&LocalTimestamp=2021-03-14T01:27:38.025Z,https://t1.rbxcdn.com/7714dafec7a3a791e84961a623302566
419,1111698561,teen titans battlegrounds,31000.0,72.0,https://www.roblox.com/games/refer?IsLargeGameTile=false&PageId=51f457b8-3081-4a51-8e4f-e3030ea7daee&PageType=Games&PlaceId=3082002798&Position=25&SortName=Curated_62&SortPosition=14&LocalTimestamp=2021-03-14T01:27:38.420Z,https://t7.rbxcdn.com/68fe12e813bac75f95d6e7f731c4949a
95,2118519605,specter [2.3],31000.0,93.0,https://www.roblox.com/games/refer?IsLargeGameTile=false&PageId=51f457b8-3081-4a51-8e4f-e3030ea7daee&PageType=Games&PlaceId=5911084042&Position=7&SortName=TopRated&SortPosition=4&LocalTimestamp=2021-03-14T01:27:36.824Z,https://t3.rbxcdn.com/17acf924491a96dad09b9263283b3825
142,1225802146,[blimp] airport tycoon!,31000.0,89.0,https://www.roblox.com/games/refer?IsLargeGameTile=false&PageId=51f457b8-3081-4a51-8e4f-e3030ea7daee&PageType=Games&PlaceId=3440262694&Position=22&SortName=TopRetaining&SortPosition=5&LocalTimestamp=2021-03-14T01:27:36.986Z,https://t5.rbxcdn.com/4a9399f1f36150a4b455a80dd23cb13e
30,1555855192,escape to win parkour obby,29000.0,91.0,https://www.roblox.com/games/refer?IsLargeGameTile=false&PageId=51f457b8-3081-4a51-8e4f-e3030ea7daee&PageType=Games&PlaceId=4696824403&Position=1&SortName=Curated_60&SortPosition=2&LocalTimestamp=2021-03-14T01:27:36.256Z,https://t5.rbxcdn.com/c45db5e723c04e3316462fb600de2fc1
443,110988953,[spells] wizard tycoon - 2 player,29000.0,88.0,https://www.roblox.com/games/refer?IsLargeGameTile=false&PageId=51f457b8-3081-4a51-8e4f-e3030ea7daee&PageType=Games&PlaceId=281489669&Position=1&SortName=Curated_58&SortPosition=16&LocalTimestamp=2021-03-14T01:27:38.166Z,https://t2.rbxcdn.com/695d3d56808c51d405721a63bfbd9d31
47,2249874787,[new] horror tycoon ü§°,29000.0,75.0,https://www.roblox.com/games/refer?IsLargeGameTile=false&PageId=51f457b8-3081-4a51-8e4f-e3030ea7daee&PageType=Games&PlaceId=6158210974&Position=18&SortName=Curated_60&SortPosition=2&LocalTimestamp=2021-03-14T01:27:36.269Z,https://t5.rbxcdn.com/c82d623e0a432ebcd3e11b89ea8ebdf5
403,770538576,naval warfare,29000.0,89.0,https://www.roblox.com/games/refer?IsLargeGameTile=false&PageId=51f457b8-3081-4a51-8e4f-e3030ea7daee&PageType=Games&PlaceId=2210085102&Position=9&SortName=Curated_62&SortPosition=14&LocalTimestamp=2021-03-14T01:27:38.416Z,https://t3.rbxcdn.com/421d67eb6090aa16a9d1f32ae1e9ed21
407,1788858483,super power tycoon,28000.0,78.0,https://www.roblox.com/games/refer?IsLargeGameTile=false&PageId=51f457b8-3081-4a51-8e4f-e3030ea7daee&PageType=Games&PlaceId=5142372758&Position=13&SortName=Curated_62&SortPosition=14&LocalTimestamp=2021-03-14T01:27:38.417Z,https://t3.rbxcdn.com/5e05dc85e9a0f2388ff6b1e939fa366f
410,2146451001,anime tycoon,28000.0,65.0,https://www.roblox.com/games/refer?IsLargeGameTile=false&PageId=51f457b8-3081-4a51-8e4f-e3030ea7daee&PageType=Games&PlaceId=5963376918&Position=16&SortName=Curated_62&SortPosition=14&LocalTimestamp=2021-03-14T01:27:38.417Z,https://t3.rbxcdn.com/48feb76c5083034c8d2babb67e4c7901
49,866362715,dinosaur world mobile,28000.0,79.0,https://www.roblox.com/games/refer?IsLargeGameTile=false&PageId=51f457b8-3081-4a51-8e4f-e3030ea7daee&PageType=Games&PlaceId=2454499969&Position=20&SortName=Curated_60&SortPosition=2&LocalTimestamp=2021-03-14T01:27:36.270Z,https://t4.rbxcdn.com/99e5f65fbe86603a77e99c7d0f379df1
358,2211017328,  playville [  new cars],28000.0,78.0,https://www.roblox.com/games/refer?IsLargeGameTile=false&PageId=51f457b8-3081-4a51-8e4f-e3030ea7daee&PageType=Games&PlaceId=6087941616&Position=26&SortName=Curated_64&SortPosition=12&LocalTimestamp=2021-03-14T01:27:37.807Z,https://t3.rbxcdn.com/a80aeca3bb34dcae652490526d0e943f
244,1868961896,‚òÅtower of dreams - tower of hell,28000.0,75.0,https://www.roblox.com/games/refer?IsLargeGameTile=false&PageId=51f457b8-3081-4a51-8e4f-e3030ea7daee&PageType=Games&PlaceId=5336391003&Position=8&SortName=Curated_94&SortPosition=9&LocalTimestamp=2021-03-14T01:27:37.324Z,https://t4.rbxcdn.com/0c87c75673b576f8a41f57d053c30789
53,142553158,[comp] assassin!,28000.0,87.0,https://www.roblox.com/games/refer?IsLargeGameTile=false&PageId=51f457b8-3081-4a51-8e4f-e3030ea7daee&PageType=Games&PlaceId=379614936&Position=24&SortName=Curated_60&SortPosition=2&LocalTimestamp=2021-03-14T01:27:36.272Z,https://t0.rbxcdn.com/374f16c1ff3f8dc7e1b3742f5df56676
357,735803076,roblox high school 2,28000.0,89.0,https://www.roblox.com/games/refer?IsLargeGameTile=false&PageId=51f457b8-3081-4a51-8e4f-e3030ea7daee&PageType=Games&PlaceId=2098516465&Position=25&SortName=Curated_64&SortPosition=12&LocalTimestamp=2021-03-14T01:27:37.807Z,https://t3.rbxcdn.com/d2ab78808b90a66755f3d6254afb5160
176,1887283673,[dance floor ] vibe nyc,27000.0,85.0,https://www.roblox.com/games/refer?IsLargeGameTile=false&PageId=51f457b8-3081-4a51-8e4f-e3030ea7daee&PageType=Games&PlaceId=5388509011&Position=24&SortName=Curated_71&SortPosition=6&LocalTimestamp=2021-03-14T01:27:37.122Z,https://t5.rbxcdn.com/36f6617dd93a44cd90fc95812a52dec4
433,568307879,(new!) escape the dentist obby! (read desc!),27000.0,45.0,https://www.roblox.com/games/refer?IsLargeGameTile=false&PageId=51f457b8-3081-4a51-8e4f-e3030ea7daee&PageType=Games&PlaceId=1428472551&Position=7&SortName=Curated_56&SortPosition=15&LocalTimestamp=2021-03-14T01:27:37.952Z,https://t0.rbxcdn.com/66842cee7014dbc44dd1ffc10af16b40
361,2131898460,springville rp,27000.0,81.0,https://www.roblox.com/games/refer?IsLargeGameTile=false&PageId=51f457b8-3081-4a51-8e4f-e3030ea7daee&PageType=Games&PlaceId=5936166539&Position=29&SortName=Curated_64&SortPosition=12&LocalTimestamp=2021-03-14T01:27:37.809Z,https://t1.rbxcdn.com/c32e723e9d0fd0cba955a620c6afb823
448,2234531384,ufo tycoon  ,27000.0,91.0,https://www.roblox.com/games/refer?IsLargeGameTile=false&PageId=51f457b8-3081-4a51-8e4f-e3030ea7daee&PageType=Games&PlaceId=6129557066&Position=6&SortName=Curated_58&SortPosition=16&LocalTimestamp=2021-03-14T01:27:38.167Z,https://t6.rbxcdn.com/b6249a8dddee267d3169227e30fa71fc
397,1709832923,  zombie uprising  ,27000.0,89.0,https://www.roblox.com/games/refer?IsLargeGameTile=false&PageId=51f457b8-3081-4a51-8e4f-e3030ea7daee&PageType=Games&PlaceId=4972091010&Position=3&SortName=Curated_62&SortPosition=14&LocalTimestamp=2021-03-14T01:27:38.414Z,https://t4.rbxcdn.com/8bf71f7eca7b8585b01a28e5e5f2f282
395,1190648473,[ 2x]dragon blox ultimate,27000.0,91.0,https://www.roblox.com/games/refer?IsLargeGameTile=false&PageId=51f457b8-3081-4a51-8e4f-e3030ea7daee&PageType=Games&PlaceId=3311165597&Position=1&SortName=Curated_62&SortPosition=14&LocalTimestamp=2021-03-14T01:27:38.413Z,https://t0.rbxcdn.com/51d88bca42036ae6538ab49ac2c8bae3
52,1671262904,big brain simulatorüß†,27000.0,81.0,https://www.roblox.com/games/refer?IsLargeGameTile=false&PageId=51f457b8-3081-4a51-8e4f-e3030ea7daee&PageType=Games&PlaceId=4893679160&Position=23&SortName=Curated_60&SortPosition=2&LocalTimestamp=2021-03-14T01:27:36.271Z,https://t1.rbxcdn.com/2a266adab2a0315a32c311a41da62f24
372,1410457361,driving simulator,26000.0,89.0,https://www.roblox.com/games/refer?IsLargeGameTile=false&PageId=51f457b8-3081-4a51-8e4f-e3030ea7daee&PageType=Games&PlaceId=4410049285&Position=8&SortName=Curated_63&SortPosition=13&LocalTimestamp=2021-03-14T01:27:38.022Z,https://t4.rbxcdn.com/ff6e5f0941d8c6ee49681580e95fed87
382,2399451776,survival the killers,26000.0,56.0,https://www.roblox.com/games/refer?IsLargeGameTile=false&PageId=51f457b8-3081-4a51-8e4f-e3030ea7daee&PageType=Games&PlaceId=6439147695&Position=18&SortName=Curated_63&SortPosition=13&LocalTimestamp=2021-03-14T01:27:38.024Z,https://t2.rbxcdn.com/73743aceef962a32d1917a63294d236b
246,1502198149,‚ùóupdate‚ùó bakon,26000.0,80.0,https://www.roblox.com/games/refer?IsLargeGameTile=false&PageId=51f457b8-3081-4a51-8e4f-e3030ea7daee&PageType=Games&PlaceId=4601704679&Position=10&SortName=Curated_94&SortPosition=9&LocalTimestamp=2021-03-14T01:27:37.325Z,https://t1.rbxcdn.com/b6a73a20aa57e3febba3ebe0a04ba401
251,2267061277,[new!] pet tycoon ,26000.0,74.0,https://www.roblox.com/games/refer?IsLargeGameTile=false&PageId=51f457b8-3081-4a51-8e4f-e3030ea7daee&PageType=Games&PlaceId=6190166064&Position=15&SortName=Curated_94&SortPosition=9&LocalTimestamp=2021-03-14T01:27:37.326Z,https://t6.rbxcdn.com/bf7c93672a831d3eb5942df7b41e58fe
396,1859597048,god tycoon,26000.0,83.0,https://www.roblox.com/games/refer?IsLargeGameTile=false&PageId=51f457b8-3081-4a51-8e4f-e3030ea7daee&PageType=Games&PlaceId=5310443220&Position=2&SortName=Curated_62&SortPosition=14&LocalTimestamp=2021-03-14T01:27:38.414Z,https://t7.rbxcdn.com/9c284e8fb66fb8e0fa4f966ee71fa07f
415,2257943402,energy assault,25000.0,84.0,https://www.roblox.com/games/refer?IsLargeGameTile=false&PageId=51f457b8-3081-4a51-8e4f-e3030ea7daee&PageType=Games&PlaceId=6172932937&Position=21&SortName=Curated_62&SortPosition=14&LocalTimestamp=2021-03-14T01:27:38.419Z,https://t4.rbxcdn.com/9a8bd303bea78a637278ea34c11aa55b
422,1291219836,super doomspire,25000.0,83.0,https://www.roblox.com/games/refer?IsLargeGameTile=false&PageId=51f457b8-3081-4a51-8e4f-e3030ea7daee&PageType=Games&PlaceId=3725149043&Position=28&SortName=Curated_62&SortPosition=14&LocalTimestamp=2021-03-14T01:27:38.422Z,https://t2.rbxcdn.com/6e34080f3124d7f7df1fe14bde972762
413,1567102816,[class sale] polybattle  ,25000.0,85.0,https://www.roblox.com/games/refer?IsLargeGameTile=false&PageId=51f457b8-3081-4a51-8e4f-e3030ea7daee&PageType=Games&PlaceId=4716045691&Position=19&SortName=Curated_62&SortPosition=14&LocalTimestamp=2021-03-14T01:27:38.418Z,https://t7.rbxcdn.com/864d2fd2d8b5562e948b6c3cc93b2cab
144,1955697005,  weight lifting simulator 5,24000.0,80.0,https://www.roblox.com/games/refer?IsLargeGameTile=false&PageId=51f457b8-3081-4a51-8e4f-e3030ea7daee&PageType=Games&PlaceId=5596703547&Position=24&SortName=TopRetaining&SortPosition=5&LocalTimestamp=2021-03-14T01:27:36.986Z,https://t3.rbxcdn.com/4b3eea92cb8fe96d466304aa74614607
43,525382208,dance off,24000.0,86.0,https://www.roblox.com/games/refer?IsLargeGameTile=false&PageId=51f457b8-3081-4a51-8e4f-e3030ea7daee&PageType=Games&PlaceId=1297992014&Position=14&SortName=Curated_60&SortPosition=2&LocalTimestamp=2021-03-14T01:27:36.266Z,https://t6.rbxcdn.com/83b215a9e86c283541c42afa9c6d3061
402,1816441911,tatakai reborn,24000.0,77.0,https://www.roblox.com/games/refer?IsLargeGameTile=false&PageId=51f457b8-3081-4a51-8e4f-e3030ea7daee&PageType=Games&PlaceId=5201039691&Position=8&SortName=Curated_62&SortPosition=14&LocalTimestamp=2021-03-14T01:27:38.416Z,https://t3.rbxcdn.com/2c845f858f5dc9a179f7be72d08c17f0
117,2324410019,zoo tycoon  ,24000.0,88.0,https://www.roblox.com/games/refer?IsLargeGameTile=false&PageId=51f457b8-3081-4a51-8e4f-e3030ea7daee&PageType=Games&PlaceId=6299257505&Position=29&SortName=TopRated&SortPosition=4&LocalTimestamp=2021-03-14T01:27:36.835Z,https://t6.rbxcdn.com/f6724c04f91902a2fe9f6d7710ae889c
253,1888053893,mansion tycoon! new,24000.0,74.0,https://www.roblox.com/games/refer?IsLargeGameTile=false&PageId=51f457b8-3081-4a51-8e4f-e3030ea7daee&PageType=Games&PlaceId=5391307643&Position=17&SortName=Curated_94&SortPosition=9&LocalTimestamp=2021-03-14T01:27:37.327Z,https://t5.rbxcdn.com/7dfd752ada46a4fad5c10adbbc44791e
439,715607282,escape the dungeon obby! (read desc),24000.0,61.0,https://www.roblox.com/games/refer?IsLargeGameTile=false&PageId=51f457b8-3081-4a51-8e4f-e3030ea7daee&PageType=Games&PlaceId=2028593804&Position=13&SortName=Curated_56&SortPosition=15&LocalTimestamp=2021-03-14T01:27:37.953Z,https://t6.rbxcdn.com/eac92db500b77bbb0c21e923e08bfa38
369,1871908106,  outlaster,24000.0,85.0,https://www.roblox.com/games/refer?IsLargeGameTile=false&PageId=51f457b8-3081-4a51-8e4f-e3030ea7daee&PageType=Games&PlaceId=5343994291&Position=5&SortName=Curated_63&SortPosition=13&LocalTimestamp=2021-03-14T01:27:38.022Z,https://t4.rbxcdn.com/f1df83af4bb0ceb8f5616cc4e00cfd33
48,1742264997,scp: roleplay,23000.0,86.0,https://www.roblox.com/games/refer?IsLargeGameTile=false&PageId=51f457b8-3081-4a51-8e4f-e3030ea7daee&PageType=Games&PlaceId=5041144419&Position=19&SortName=Curated_60&SortPosition=2&LocalTimestamp=2021-03-14T01:27:36.269Z,https://t3.rbxcdn.com/ea4273784d52f0659213e482aa7fd6db
342,1740238153,hospital life roleplay   ‚ú® update,23000.0,65.0,https://www.roblox.com/games/refer?IsLargeGameTile=false&PageId=51f457b8-3081-4a51-8e4f-e3030ea7daee&PageType=Games&PlaceId=5036742729&Position=10&SortName=Curated_64&SortPosition=12&LocalTimestamp=2021-03-14T01:27:37.792Z,https://t7.rbxcdn.com/dcca384e0c7814619bfdc500810a38e0
38,1933119009,hide and seek transform,22000.0,86.0,https://www.roblox.com/games/refer?IsLargeGameTile=false&PageId=51f457b8-3081-4a51-8e4f-e3030ea7daee&PageType=Games&PlaceId=5530512077&Position=9&SortName=Curated_60&SortPosition=2&LocalTimestamp=2021-03-14T01:27:36.259Z,https://t3.rbxcdn.com/a998b62151ccff4bc907b2cd9feb503d
31,1316421563,volleyball 4.2,22000.0,92.0,https://www.roblox.com/games/refer?IsLargeGameTile=false&PageId=51f457b8-3081-4a51-8e4f-e3030ea7daee&PageType=Games&PlaceId=3840352284&Position=2&SortName=Curated_60&SortPosition=2&LocalTimestamp=2021-03-14T01:27:36.256Z,https://t6.rbxcdn.com/1eadeb6da5453f7e338d8ec46b3eb5e1
348,708100196,[  truck] backpacking,22000.0,89.0,https://www.roblox.com/games/refer?IsLargeGameTile=false&PageId=51f457b8-3081-4a51-8e4f-e3030ea7daee&PageType=Games&PlaceId=1997193809&Position=16&SortName=Curated_64&SortPosition=12&LocalTimestamp=2021-03-14T01:27:37.793Z,https://t5.rbxcdn.com/1034e810a491e1363713c6b8c5f82a4b
441,105618012,cool parkour obby 475 stages!,22000.0,83.0,https://www.roblox.com/games/refer?IsLargeGameTile=false&PageId=51f457b8-3081-4a51-8e4f-e3030ea7daee&PageType=Games&PlaceId=258022053&Position=15&SortName=Curated_56&SortPosition=15&LocalTimestamp=2021-03-14T01:27:37.954Z,https://t0.rbxcdn.com/8ee408e1a1ee8e0e5641c3e222f30fda
391,2265698886,escape granny obby parkour,22000.0,77.0,https://www.roblox.com/games/refer?IsLargeGameTile=false&PageId=51f457b8-3081-4a51-8e4f-e3030ea7daee&PageType=Games&PlaceId=6187241681&Position=27&SortName=Curated_63&SortPosition=13&LocalTimestamp=2021-03-14T01:27:38.025Z,https://t4.rbxcdn.com/4cefeb0655bf5dd03387d5d7af3d1157
233,63951305,rocitizens [map update],21000.0,88.0,https://www.roblox.com/games/refer?IsLargeGameTile=false&PageId=51f457b8-3081-4a51-8e4f-e3030ea7daee&PageType=Games&PlaceId=137877687&Position=17&SortName=Featured&SortPosition=8&LocalTimestamp=2021-03-14T01:27:36.545Z,https://t2.rbxcdn.com/79464afe9af930b0d6401bee7886cc8e
258,1775678627,parkour obby!,21000.0,65.0,https://www.roblox.com/games/refer?IsLargeGameTile=false&PageId=51f457b8-3081-4a51-8e4f-e3030ea7daee&PageType=Games&PlaceId=5116387422&Position=22&SortName=Curated_94&SortPosition=9&LocalTimestamp=2021-03-14T01:27:37.330Z,https://t3.rbxcdn.com/d545ea7258f2f930ab7f5c8307093b9a
467,2208069834, super mansion tycoon 3,21000.0,88.0,https://www.roblox.com/games/refer?IsLargeGameTile=false&PageId=51f457b8-3081-4a51-8e4f-e3030ea7daee&PageType=Games&PlaceId=6082207596&Position=25&SortName=Curated_58&SortPosition=16&LocalTimestamp=2021-03-14T01:27:38.171Z,https://t5.rbxcdn.com/141792e86f5c6ea4b3ec236334c20d4b
9,2214135845,floors | arcade empire,21000.0,91.0,https://www.roblox.com/games/refer?IsLargeGameTile=false&PageId=51f457b8-3081-4a51-8e4f-e3030ea7daee&PageType=Games&PlaceId=6094061470&Position=10&SortName=Curated_96&SortPosition=1&LocalTimestamp=2021-03-14T01:27:36.108Z,https://t2.rbxcdn.com/5cf92a61d8f198749af9ad2701f08b29
370,1255026771,  aqualiana water park,21000.0,85.0,https://www.roblox.com/games/refer?IsLargeGameTile=false&PageId=51f457b8-3081-4a51-8e4f-e3030ea7daee&PageType=Games&PlaceId=3558957217&Position=6&SortName=Curated_63&SortPosition=13&LocalTimestamp=2021-03-14T01:27:38.022Z,https://t2.rbxcdn.com/8b9f335b9a22701f5726324a3ade139e
260,1613532065,blox life!  ,19000.0,75.0,https://www.roblox.com/games/refer?IsLargeGameTile=false&PageId=51f457b8-3081-4a51-8e4f-e3030ea7daee&PageType=Games&PlaceId=4790145440&Position=24&SortName=Curated_94&SortPosition=9&LocalTimestamp=2021-03-14T01:27:37.331Z,https://t3.rbxcdn.com/0a3215c91b6022f74f68c75764549349
375,2258759259,easy jump parkour obby,18000.0,73.0,https://www.roblox.com/games/refer?IsLargeGameTile=false&PageId=51f457b8-3081-4a51-8e4f-e3030ea7daee&PageType=Games&PlaceId=6174369490&Position=11&SortName=Curated_63&SortPosition=13&LocalTimestamp=2021-03-14T01:27:38.023Z,https://t0.rbxcdn.com/bd828db2de811b7d1e9416d4445b5f94
197,21164849,(update) pilot training flight simulator,18000.0,89.0,https://www.roblox.com/games/refer?IsLargeGameTile=false&PageId=51f457b8-3081-4a51-8e4f-e3030ea7daee&PageType=Games&PlaceId=20321167&Position=13&SortName=Curated_67&SortPosition=7&LocalTimestamp=2021-03-14T01:27:36.629Z,https://t3.rbxcdn.com/cac4db0105954cfa34a93d0c840ae598
44,411275487,cursed islands,18000.0,79.0,https://www.roblox.com/games/refer?IsLargeGameTile=false&PageId=51f457b8-3081-4a51-8e4f-e3030ea7daee&PageType=Games&PlaceId=990566015&Position=15&SortName=Curated_60&SortPosition=2&LocalTimestamp=2021-03-14T01:27:36.267Z,https://t3.rbxcdn.com/ff29b717ea3173453f1bb86d0038b383
2,1278035280,warrior cats ultimate edition [beta],18000.0,95.0,https://www.roblox.com/games/refer?IsLargeGameTile=false&PageId=51f457b8-3081-4a51-8e4f-e3030ea7daee&PageType=Games&PlaceId=3663340706&Position=3&SortName=Curated_96&SortPosition=1&LocalTimestamp=2021-03-14T01:27:36.096Z,https://t1.rbxcdn.com/03c98ddfd5a5f8b8650c2bf5a1d28216
16,767752328,  super power training simulator,18000.0,72.0,https://www.roblox.com/games/refer?IsLargeGameTile=false&PageId=51f457b8-3081-4a51-8e4f-e3030ea7daee&PageType=Games&PlaceId=2202352383&Position=17&SortName=Curated_96&SortPosition=1&LocalTimestamp=2021-03-14T01:27:36.115Z,https://t2.rbxcdn.com/9e4d984df21f159f14907f8b6f5e4b09
135,688930313,‚ùÑÔ∏èvehicle tycoon,17000.0,90.0,https://www.roblox.com/games/refer?IsLargeGameTile=false&PageId=51f457b8-3081-4a51-8e4f-e3030ea7daee&PageType=Games&PlaceId=1899149341&Position=15&SortName=TopRetaining&SortPosition=5&LocalTimestamp=2021-03-14T01:27:36.985Z,https://t4.rbxcdn.com/ab9cd88d338470785a3d294e54d73677
19,918677693,rise of nations,17000.0,86.0,https://www.roblox.com/games/refer?IsLargeGameTile=false&PageId=51f457b8-3081-4a51-8e4f-e3030ea7daee&PageType=Games&PlaceId=2569453732&Position=20&SortName=Curated_96&SortPosition=1&LocalTimestamp=2021-03-14T01:27:36.116Z,https://t6.rbxcdn.com/5def5dfc2b5cd81e96726a86c4b22d30
473,2023680558,ü¶çanimal simulator,17000.0,79.0,https://www.roblox.com/games/refer?IsLargeGameTile=false&PageId=51f457b8-3081-4a51-8e4f-e3030ea7daee&PageType=Games&PlaceId=5712833750&Position=5&SortName=Curated_57&SortPosition=17&LocalTimestamp=2021-03-14T01:27:38.251Z,https://t7.rbxcdn.com/63fbb3d5b87d0f69e9fb926502b42bda
235,8726258,hole in the wall,17000.0,82.0,https://www.roblox.com/games/refer?IsLargeGameTile=false&PageId=51f457b8-3081-4a51-8e4f-e3030ea7daee&PageType=Games&PlaceId=11970456&Position=19&SortName=Featured&SortPosition=8&LocalTimestamp=2021-03-14T01:27:36.546Z,https://t7.rbxcdn.com/b4bb14db029a87cae72cb67fd78c1674
424,1347180440,workout island [2x coins]  Ô∏è,17000.0,87.0,https://www.roblox.com/games/refer?IsLargeGameTile=false&PageId=51f457b8-3081-4a51-8e4f-e3030ea7daee&PageType=Games&PlaceId=4032944086&Position=30&SortName=Curated_62&SortPosition=14&LocalTimestamp=2021-03-14T01:27:38.422Z,https://t5.rbxcdn.com/ca0263e89540c1ef9b364118a7bb36ac
165,1424449565,super golf!,16000.0,78.0,https://www.roblox.com/games/refer?IsLargeGameTile=false&PageId=51f457b8-3081-4a51-8e4f-e3030ea7daee&PageType=Games&PlaceId=4468711919&Position=13&SortName=Curated_71&SortPosition=6&LocalTimestamp=2021-03-14T01:27:37.119Z,https://t3.rbxcdn.com/39349b54ecd86c20fd1f9d1f57193264
14,1895958909,[ update 13 ] üß™science simulator!,16000.0,83.0,https://www.roblox.com/games/refer?IsLargeGameTile=false&PageId=51f457b8-3081-4a51-8e4f-e3030ea7daee&PageType=Games&PlaceId=5414779423&Position=15&SortName=Curated_96&SortPosition=1&LocalTimestamp=2021-03-14T01:27:36.113Z,https://t4.rbxcdn.com/f04eb7fe7dce3251bea5a1a5e69f3103
250,2153721718,‚ö°powers! ninja legends 2,16000.0,87.0,https://www.roblox.com/games/refer?IsLargeGameTile=false&PageId=51f457b8-3081-4a51-8e4f-e3030ea7daee&PageType=Games&PlaceId=5977280685&Position=14&SortName=Curated_94&SortPosition=9&LocalTimestamp=2021-03-14T01:27:37.326Z,https://t7.rbxcdn.com/a1dc9f5ed14d131b2cbfcbccb651ef74
242,921931373,  eviction notice,16000.0,84.0,https://www.roblox.com/games/refer?IsLargeGameTile=false&PageId=51f457b8-3081-4a51-8e4f-e3030ea7daee&PageType=Games&PlaceId=2577040780&Position=6&SortName=Curated_94&SortPosition=9&LocalTimestamp=2021-03-14T01:27:37.324Z,https://t2.rbxcdn.com/843c48657900fb703dd10af13e58110d
230,81762198,vehicle simulator,15000.0,90.0,https://www.roblox.com/games/refer?IsLargeGameTile=false&PageId=51f457b8-3081-4a51-8e4f-e3030ea7daee&PageType=Games&PlaceId=171391948&Position=14&SortName=Featured&SortPosition=8&LocalTimestamp=2021-03-14T01:27:36.544Z,https://t1.rbxcdn.com/bba502c4007412df24afc43ac6a5d2d2
28,2166452400,[gen 2] sorcerer fighting simulator,14000.0,92.0,https://www.roblox.com/games/refer?IsLargeGameTile=false&PageId=51f457b8-3081-4a51-8e4f-e3030ea7daee&PageType=Games&PlaceId=6002047566&Position=29&SortName=Curated_96&SortPosition=1&LocalTimestamp=2021-03-14T01:27:36.121Z,https://t7.rbxcdn.com/c1ff887e7331f70696dbbadcf8b02165
160,1836732339,roblox fashion show!,14000.0,75.0,https://www.roblox.com/games/refer?IsLargeGameTile=false&PageId=51f457b8-3081-4a51-8e4f-e3030ea7daee&PageType=Games&PlaceId=5245765823&Position=8&SortName=Curated_71&SortPosition=6&LocalTimestamp=2021-03-14T01:27:37.118Z,https://t5.rbxcdn.com/b3094730631318ae18b35aac38ab9cf2
138,180358774,pizza factory tycoon,13000.0,88.0,https://www.roblox.com/games/refer?IsLargeGameTile=false&PageId=51f457b8-3081-4a51-8e4f-e3030ea7daee&PageType=Games&PlaceId=470702250&Position=18&SortName=TopRetaining&SortPosition=5&LocalTimestamp=2021-03-14T01:27:36.985Z,https://t4.rbxcdn.com/54281c15e37341f75013648bf26ac2d1
200,972475338, expedition antarctica,13000.0,81.0,https://www.roblox.com/games/refer?IsLargeGameTile=false&PageId=51f457b8-3081-4a51-8e4f-e3030ea7daee&PageType=Games&PlaceId=2693023319&Position=16&SortName=Curated_67&SortPosition=7&LocalTimestamp=2021-03-14T01:27:36.630Z,https://t2.rbxcdn.com/94c792365dacf300e1ba6fa82b5e1b01
157,1648565735,skate park    (longboards!),12000.0,88.0,https://www.roblox.com/games/refer?IsLargeGameTile=false&PageId=51f457b8-3081-4a51-8e4f-e3030ea7daee&PageType=Games&PlaceId=4850718823&Position=5&SortName=Curated_71&SortPosition=6&LocalTimestamp=2021-03-14T01:27:37.117Z,https://t1.rbxcdn.com/e0fd69a9bfe9c500bc5c8d2e8848a779
262,2216400206,[new]among us zombies,12000.0,84.0,https://www.roblox.com/games/refer?IsLargeGameTile=false&PageId=51f457b8-3081-4a51-8e4f-e3030ea7daee&PageType=Games&PlaceId=6098179381&Position=26&SortName=Curated_94&SortPosition=9&LocalTimestamp=2021-03-14T01:27:37.332Z,https://t7.rbxcdn.com/d553d6476a9c3ae65df561168a92ac4d
247,1165217166,[update!] attack on titan: last breath,11000.0,88.0,https://www.roblox.com/games/refer?IsLargeGameTile=false&PageId=51f457b8-3081-4a51-8e4f-e3030ea7daee&PageType=Games&PlaceId=3224790922&Position=11&SortName=Curated_94&SortPosition=9&LocalTimestamp=2021-03-14T01:27:37.325Z,https://t1.rbxcdn.com/ac9c42c472df6136c1e9e577a271e378
225,94054816,deathrun   season 6!,11000.0,82.0,https://www.roblox.com/games/refer?IsLargeGameTile=false&PageId=51f457b8-3081-4a51-8e4f-e3030ea7daee&PageType=Games&PlaceId=206640076&Position=9&SortName=Featured&SortPosition=8&LocalTimestamp=2021-03-14T01:27:36.543Z,https://t6.rbxcdn.com/72b618e390062a7f02584eb0c65fa5d0
259,26494385,make a cake: back for seconds!,11000.0,85.0,https://www.roblox.com/games/refer?IsLargeGameTile=false&PageId=51f457b8-3081-4a51-8e4f-e3030ea7daee&PageType=Games&PlaceId=39972972&Position=23&SortName=Curated_94&SortPosition=9&LocalTimestamp=2021-03-14T01:27:37.330Z,https://t6.rbxcdn.com/2a472a9956e3541e42d921248ac66fbb
299,498490399,mad city,9000.0,82.0,https://www.roblox.com/games/refer?IsLargeGameTile=false&PageId=51f457b8-3081-4a51-8e4f-e3030ea7daee&PageType=Games&PlaceId=1224212277&Position=31&SortName=TopGrossing&SortPosition=10&LocalTimestamp=2021-03-14T01:27:37.696Z,https://t6.rbxcdn.com/e4a924047c562c26286dcbc3a1bd82fc
17,31970568,theme park tycoon 2,7000.0,90.0,https://www.roblox.com/games/refer?IsLargeGameTile=false&PageId=51f457b8-3081-4a51-8e4f-e3030ea7daee&PageType=Games&PlaceId=69184822&Position=18&SortName=Curated_96&SortPosition=1&LocalTimestamp=2021-03-14T01:27:36.115Z,https://t0.rbxcdn.com/0b777981ca53e38f7abd7c30177ca2a9
125,1434220026,my restaurant!,6000.0,91.0,https://www.roblox.com/games/refer?IsLargeGameTile=false&PageId=51f457b8-3081-4a51-8e4f-e3030ea7daee&PageType=Games&PlaceId=4490140733&Position=5&SortName=TopRetaining&SortPosition=5&LocalTimestamp=2021-03-14T01:27:36.981Z,https://t0.rbxcdn.com/31d6d02fb35cddce987593ed945c90a5
130,848145103,dungeon quest!,5000.0,91.0,https://www.roblox.com/games/refer?IsLargeGameTile=false&PageId=51f457b8-3081-4a51-8e4f-e3030ea7daee&PageType=Games&PlaceId=2414851778&Position=10&SortName=TopRetaining&SortPosition=5&LocalTimestamp=2021-03-14T01:27:36.983Z,https://t1.rbxcdn.com/9c658e82bbf2caadf8499b2d53eb37e5
398,2236455574,marvel and dc super heroes,3000.0,60.0,https://www.roblox.com/games/refer?IsLargeGameTile=false&PageId=51f457b8-3081-4a51-8e4f-e3030ea7daee&PageType=Games&PlaceId=6132958612&Position=4&SortName=Curated_62&SortPosition=14&LocalTimestamp=2021-03-14T01:27:38.415Z,https://t2.rbxcdn.com/4703f8a8596822bd55ac44d76b142c07
421,2082737845,n the jojo game,3000.0,77.0,https://www.roblox.com/games/refer?IsLargeGameTile=false&PageId=51f457b8-3081-4a51-8e4f-e3030ea7daee&PageType=Games&PlaceId=5847495283&Position=27&SortName=Curated_62&SortPosition=14&LocalTimestamp=2021-03-14T01:27:38.422Z,https://t2.rbxcdn.com/84f053e6e98ce8f51732acbe4b9c0afb
481,619296292,pet simulator!,3000.0,89.0,https://www.roblox.com/games/refer?IsLargeGameTile=false&PageId=51f457b8-3081-4a51-8e4f-e3030ea7daee&PageType=Games&PlaceId=1599679393&Position=13&SortName=Curated_57&SortPosition=17&LocalTimestamp=2021-03-14T01:27:38.253Z,https://t1.rbxcdn.com/fcb6e65073e1ca3de395238ca94f56f3
406,2220495353,pilfering pirates,3000.0,79.0,https://www.roblox.com/games/refer?IsLargeGameTile=false&PageId=51f457b8-3081-4a51-8e4f-e3030ea7daee&PageType=Games&PlaceId=6104994594&Position=12&SortName=Curated_62&SortPosition=14&LocalTimestamp=2021-03-14T01:27:38.416Z,https://t3.rbxcdn.com/a97642194658bce6621673886de38665
218,833423526,strucid [beta],3000.0,84.0,https://www.roblox.com/games/refer?IsLargeGameTile=false&PageId=51f457b8-3081-4a51-8e4f-e3030ea7daee&PageType=Games&PlaceId=2377868063&Position=2&SortName=Featured&SortPosition=8&LocalTimestamp=2021-03-14T01:27:36.540Z,https://t6.rbxcdn.com/031b070262f75d87f49247d51145fb98
487,564406126,mining simulator,3000.0,93.0,https://www.roblox.com/games/refer?IsLargeGameTile=false&PageId=51f457b8-3081-4a51-8e4f-e3030ea7daee&PageType=Games&PlaceId=1417427737&Position=19&SortName=Curated_57&SortPosition=17&LocalTimestamp=2021-03-14T01:27:38.254Z,https://t7.rbxcdn.com/3fa6bc06e2e2b53efde19d0e55c451a0
490,1037979853,fishing simulator,3000.0,89.0,https://www.roblox.com/games/refer?IsLargeGameTile=false&PageId=51f457b8-3081-4a51-8e4f-e3030ea7daee&PageType=Games&PlaceId=2866967438&Position=22&SortName=Curated_57&SortPosition=17&LocalTimestamp=2021-03-14T01:27:38.254Z,https://t4.rbxcdn.com/44500bf8983558303cfa787e075b22a0
338,504156034,home tycoon 2.0   [cars],2000.0,86.0,https://www.roblox.com/games/refer?IsLargeGameTile=false&PageId=51f457b8-3081-4a51-8e4f-e3030ea7daee&PageType=Games&PlaceId=1240426880&Position=6&SortName=Curated_64&SortPosition=12&LocalTimestamp=2021-03-14T01:27:37.790Z,https://t4.rbxcdn.com/dcde6d8b45a69db6f11b0d7133f4826b
420,1903935756,lucky block tycoon,2000.0,74.0,https://www.roblox.com/games/refer?IsLargeGameTile=false&PageId=51f457b8-3081-4a51-8e4f-e3030ea7daee&PageType=Games&PlaceId=5441252093&Position=26&SortName=Curated_62&SortPosition=14&LocalTimestamp=2021-03-14T01:27:38.421Z,https://t4.rbxcdn.com/f70d6a90e059712c4e7d6924b86ea8e0
379,2126837545,baldis basics parkour obby,2000.0,79.0,https://www.roblox.com/games/refer?IsLargeGameTile=false&PageId=51f457b8-3081-4a51-8e4f-e3030ea7daee&PageType=Games&PlaceId=5926849458&Position=15&SortName=Curated_63&SortPosition=13&LocalTimestamp=2021-03-14T01:27:38.023Z,https://t5.rbxcdn.com/36fd173aa7bb70f94321cfa552982336
371,1782832995,a universal time,2000.0,83.0,https://www.roblox.com/games/refer?IsLargeGameTile=false&PageId=51f457b8-3081-4a51-8e4f-e3030ea7daee&PageType=Games&PlaceId=5130598377&Position=7&SortName=Curated_63&SortPosition=13&LocalTimestamp=2021-03-14T01:27:38.022Z,https://t0.rbxcdn.com/8d4cacbcff4b9b80fb441d1d86b488ec
428,91549766,rob mr rich's mansion obby! (new read desc),2000.0,56.0,https://www.roblox.com/games/refer?IsLargeGameTile=false&PageId=51f457b8-3081-4a51-8e4f-e3030ea7daee&PageType=Games&PlaceId=195845601&Position=2&SortName=Curated_56&SortPosition=15&LocalTimestamp=2021-03-14T01:27:37.951Z,https://t6.rbxcdn.com/f17a9ef78ace03abedec92958a2e673f
221,1612000933,[mag stick] booga booga classic,2000.0,79.0,https://www.roblox.com/games/refer?IsLargeGameTile=false&PageId=51f457b8-3081-4a51-8e4f-e3030ea7daee&PageType=Games&PlaceId=4787629450&Position=5&SortName=Featured&SortPosition=8&LocalTimestamp=2021-03-14T01:27:36.541Z,https://t7.rbxcdn.com/5174172bde6ea0a0b970d3f3188a74ce
20,212154879,swordburst 2,990.0,87.0,https://www.roblox.com/games/refer?IsLargeGameTile=false&PageId=51f457b8-3081-4a51-8e4f-e3030ea7daee&PageType=Games&PlaceId=659222129&Position=21&SortName=Curated_96&SortPosition=1&LocalTimestamp=2021-03-14T01:27:36.117Z,https://t5.rbxcdn.com/57a2fe11a4f91ab58c8cd14d3b5bcf92
202,114070244,[realistic lighting] roblox titanic ‚öìÔ∏è,990.0,80.0,https://www.roblox.com/games/refer?IsLargeGameTile=false&PageId=51f457b8-3081-4a51-8e4f-e3030ea7daee&PageType=Games&PlaceId=294790062&Position=18&SortName=Curated_67&SortPosition=7&LocalTimestamp=2021-03-14T01:27:36.630Z,https://t5.rbxcdn.com/48875c38706b8cece0f70f6aaba4e3af
0,1944529780,dust: wasteland survival,960.0,63.0,https://www.roblox.com/games/refer?IsLargeGameTile=false&PageId=51f457b8-3081-4a51-8e4f-e3030ea7daee&PageType=Games&PlaceId=5565011975&Position=1&SortName=Curated_96&SortPosition=1&LocalTimestamp=2021-03-14T01:27:36.095Z,https://t7.rbxcdn.com/10fa287b35c40c682332f33fbbc84e70
6,785394798,electric state darkrp(beta),951.0,84.0,https://www.roblox.com/games/refer?IsLargeGameTile=false&PageId=51f457b8-3081-4a51-8e4f-e3030ea7daee&PageType=Games&PlaceId=2262441883&Position=7&SortName=Curated_96&SortPosition=1&LocalTimestamp=2021-03-14T01:27:36.106Z,https://t3.rbxcdn.com/fa4c3456ebfa8a0c624b41bedc38e72f
248,1668992109,total roblox drama,940.0,79.0,https://www.roblox.com/games/refer?IsLargeGameTile=false&PageId=51f457b8-3081-4a51-8e4f-e3030ea7daee&PageType=Games&PlaceId=4889315193&Position=12&SortName=Curated_94&SortPosition=9&LocalTimestamp=2021-03-14T01:27:37.326Z,https://t1.rbxcdn.com/ff8a00baa4845eb8465fda6866398e64
226,815609146, misfits high ,882.0,83.0,https://www.roblox.com/games/refer?IsLargeGameTile=false&PageId=51f457b8-3081-4a51-8e4f-e3030ea7daee&PageType=Games&PlaceId=2336571550&Position=10&SortName=Featured&SortPosition=8&LocalTimestamp=2021-03-14T01:27:36.543Z,https://t5.rbxcdn.com/626767e5ada9074a0382658b5422f61a
255,2041334651,[easier] tower of easy,841.0,66.0,https://www.roblox.com/games/refer?IsLargeGameTile=false&PageId=51f457b8-3081-4a51-8e4f-e3030ea7daee&PageType=Games&PlaceId=5755487791&Position=19&SortName=Curated_94&SortPosition=9&LocalTimestamp=2021-03-14T01:27:37.327Z,https://t4.rbxcdn.com/8e45fd52189f1ae77a490e769f67b9ea
229,1484197505,murder,764.0,80.0,https://www.roblox.com/games/refer?IsLargeGameTile=false&PageId=51f457b8-3081-4a51-8e4f-e3030ea7daee&PageType=Games&PlaceId=4572253581&Position=13&SortName=Featured&SortPosition=8&LocalTimestamp=2021-03-14T01:27:36.543Z,https://t7.rbxcdn.com/dfed2e8a7a2127b9d621035c0290dd89
180,997545142, paradise island resort,724.0,79.0,https://www.roblox.com/games/refer?IsLargeGameTile=false&PageId=51f457b8-3081-4a51-8e4f-e3030ea7daee&PageType=Games&PlaceId=2761700287&Position=28&SortName=Curated_71&SortPosition=6&LocalTimestamp=2021-03-14T01:27:37.122Z,https://t2.rbxcdn.com/c3d53f55c87b7297d2f93cecf556bf4c
184,2025565382,untamed planet [swimming],688.0,68.0,https://www.roblox.com/games/refer?IsLargeGameTile=false&PageId=51f457b8-3081-4a51-8e4f-e3030ea7daee&PageType=Games&PlaceId=5716123942&Position=32&SortName=Curated_71&SortPosition=6&LocalTimestamp=2021-03-14T01:27:37.123Z,https://t1.rbxcdn.com/c4cc7b3c42ec8466b93527880a47a52d
266,1881252150,escape  charli d'amelio  obby parkour!,638.0,36.0,https://www.roblox.com/games/refer?IsLargeGameTile=false&PageId=51f457b8-3081-4a51-8e4f-e3030ea7daee&PageType=Games&PlaceId=5366325362&Position=30&SortName=Curated_94&SortPosition=9&LocalTimestamp=2021-03-14T01:27:37.333Z,https://t7.rbxcdn.com/b26cbba74674ffbbe167ddb566a74c4e
156,1865553771,build it,628.0,77.0,https://www.roblox.com/games/refer?IsLargeGameTile=false&PageId=51f457b8-3081-4a51-8e4f-e3030ea7daee&PageType=Games&PlaceId=5326576507&Position=4&SortName=Curated_71&SortPosition=6&LocalTimestamp=2021-03-14T01:27:37.117Z,https://t2.rbxcdn.com/ca4edf1c4821bd7ad34bf1d62607d9e6
181,1400464791,  my farm [bakery update] ü•ß,553.0,76.0,https://www.roblox.com/games/refer?IsLargeGameTile=false&PageId=51f457b8-3081-4a51-8e4f-e3030ea7daee&PageType=Games&PlaceId=4347362871&Position=29&SortName=Curated_71&SortPosition=6&LocalTimestamp=2021-03-14T01:27:37.123Z,https://t5.rbxcdn.com/6cee67dabf1be945a4e3a849f11c9d2d
182,1840326425,kennel tycoon! (huge update),545.0,76.0,https://www.roblox.com/games/refer?IsLargeGameTile=false&PageId=51f457b8-3081-4a51-8e4f-e3030ea7daee&PageType=Games&PlaceId=5254674128&Position=30&SortName=Curated_71&SortPosition=6&LocalTimestamp=2021-03-14T01:27:37.123Z,https://t2.rbxcdn.com/eb8a79212037e4fb60d51c161d8df28b
261,751028251,longest obby in roblox  | 2505,542.0,77.0,https://www.roblox.com/games/refer?IsLargeGameTile=false&PageId=51f457b8-3081-4a51-8e4f-e3030ea7daee&PageType=Games&PlaceId=2146413442&Position=25&SortName=Curated_94&SortPosition=9&LocalTimestamp=2021-03-14T01:27:37.332Z,https://t4.rbxcdn.com/d08bca1fea50e29276860328888aa803
168,762495947,arcade island 2: roblox arcade  Ô∏è,531.0,72.0,https://www.roblox.com/games/refer?IsLargeGameTile=false&PageId=51f457b8-3081-4a51-8e4f-e3030ea7daee&PageType=Games&PlaceId=2185497593&Position=16&SortName=Curated_71&SortPosition=6&LocalTimestamp=2021-03-14T01:27:37.120Z,https://t1.rbxcdn.com/c16120701f1b5413c48d74ab388f8a06
263,75587443,high school life,527.0,85.0,https://www.roblox.com/games/refer?IsLargeGameTile=false&PageId=51f457b8-3081-4a51-8e4f-e3030ea7daee&PageType=Games&PlaceId=92604236&Position=27&SortName=Curated_94&SortPosition=9&LocalTimestamp=2021-03-14T01:27:37.332Z,https://t7.rbxcdn.com/72065149c9d79168faac65350d4eb020
188,969351457,the math obby,519.0,80.0,https://www.roblox.com/games/refer?IsLargeGameTile=false&PageId=51f457b8-3081-4a51-8e4f-e3030ea7daee&PageType=Games&PlaceId=2686040248&Position=4&SortName=Curated_67&SortPosition=7&LocalTimestamp=2021-03-14T01:27:36.626Z,https://t4.rbxcdn.com/02c07cf88701aee922b250f97b07a3d0
267,1807943461,[update] vehicle weight lifting,496.0,75.0,https://www.roblox.com/games/refer?IsLargeGameTile=false&PageId=51f457b8-3081-4a51-8e4f-e3030ea7daee&PageType=Games&PlaceId=5182200788&Position=31&SortName=Curated_94&SortPosition=9&LocalTimestamp=2021-03-14T01:27:37.334Z,https://t1.rbxcdn.com/74482b95c4b83ba2fa4a3c022b4166eb
222,478280638,infection inc. [probes!],486.0,78.0,https://www.roblox.com/games/refer?IsLargeGameTile=false&PageId=51f457b8-3081-4a51-8e4f-e3030ea7daee&PageType=Games&PlaceId=1165047394&Position=6&SortName=Featured&SortPosition=8&LocalTimestamp=2021-03-14T01:27:36.542Z,https://t4.rbxcdn.com/1cc943806a93874cd979ca9fea60caf9
213,174831381,store empire [ sports event ],470.0,87.0,https://www.roblox.com/games/refer?IsLargeGameTile=false&PageId=51f457b8-3081-4a51-8e4f-e3030ea7daee&PageType=Games&PlaceId=349286558&Position=29&SortName=Curated_67&SortPosition=7&LocalTimestamp=2021-03-14T01:27:36.636Z,https://t3.rbxcdn.com/a028c17b8bd64e60ce828f486bf23912
265,23601173,"stop it, slender!",460.0,90.0,https://www.roblox.com/games/refer?IsLargeGameTile=false&PageId=51f457b8-3081-4a51-8e4f-e3030ea7daee&PageType=Games&PlaceId=30869879&Position=29&SortName=Curated_94&SortPosition=9&LocalTimestamp=2021-03-14T01:27:37.333Z,https://t7.rbxcdn.com/dc3790356a194c129b3b61bc2fc5ca47
227,77610935,super blocky ball,426.0,88.0,https://www.roblox.com/games/refer?IsLargeGameTile=false&PageId=51f457b8-3081-4a51-8e4f-e3030ea7daee&PageType=Games&PlaceId=162537373&Position=11&SortName=Featured&SortPosition=8&LocalTimestamp=2021-03-14T01:27:36.543Z,https://t0.rbxcdn.com/b19671b70903ac355defbb9f0c4bf594
208,953622098,word bomb,405.0,85.0,https://www.roblox.com/games/refer?IsLargeGameTile=false&PageId=51f457b8-3081-4a51-8e4f-e3030ea7daee&PageType=Games&PlaceId=2653064683&Position=24&SortName=Curated_67&SortPosition=7&LocalTimestamp=2021-03-14T01:27:36.634Z,https://t5.rbxcdn.com/9c86b241f6a6a5baa8f8c434a54194ee
172,138413601,freeze tag ,384.0,77.0,https://www.roblox.com/games/refer?IsLargeGameTile=false&PageId=51f457b8-3081-4a51-8e4f-e3030ea7daee&PageType=Games&PlaceId=364802243&Position=20&SortName=Curated_71&SortPosition=6&LocalTimestamp=2021-03-14T01:27:37.121Z,https://t2.rbxcdn.com/055e420ebf60c1d801601b4eb1a29ba8
236,1511649232,journey to the sun ‚òÄÔ∏è,378.0,92.0,https://www.roblox.com/games/refer?IsLargeGameTile=false&PageId=51f457b8-3081-4a51-8e4f-e3030ea7daee&PageType=Games&PlaceId=4616247820&Position=20&SortName=Featured&SortPosition=8&LocalTimestamp=2021-03-14T01:27:36.546Z,https://t0.rbxcdn.com/ab15071bb02a8d77b30413d266f0aa60
257,1855803038,cart ride into nicki minaj!,376.0,75.0,https://www.roblox.com/games/refer?IsLargeGameTile=false&PageId=51f457b8-3081-4a51-8e4f-e3030ea7daee&PageType=Games&PlaceId=5299786474&Position=21&SortName=Curated_94&SortPosition=9&LocalTimestamp=2021-03-14T01:27:37.330Z,https://t2.rbxcdn.com/a76a641a6598e99083bd1cc82a756a74
164,106086152,tps: ultimate soccer,370.0,81.0,https://www.roblox.com/games/refer?IsLargeGameTile=false&PageId=51f457b8-3081-4a51-8e4f-e3030ea7daee&PageType=Games&PlaceId=5783581&Position=12&SortName=Curated_71&SortPosition=6&LocalTimestamp=2021-03-14T01:27:37.119Z,https://t6.rbxcdn.com/2dbbd35430d639b5b9e82be4ca6b9782
215,1767855451,obby trivia challenge ‚ùì,352.0,76.0,https://www.roblox.com/games/refer?IsLargeGameTile=false&PageId=51f457b8-3081-4a51-8e4f-e3030ea7daee&PageType=Games&PlaceId=5100475194&Position=31&SortName=Curated_67&SortPosition=7&LocalTimestamp=2021-03-14T01:27:36.637Z,https://t0.rbxcdn.com/667a4e33358d03bc702eae56b896ef01
189,1135367592,‚ùÑÔ∏è mount everest climbing roleplay ‚õÑ‚ùÑ,349.0,80.0,https://www.roblox.com/games/refer?IsLargeGameTile=false&PageId=51f457b8-3081-4a51-8e4f-e3030ea7daee&PageType=Games&PlaceId=3145447020&Position=5&SortName=Curated_67&SortPosition=7&LocalTimestamp=2021-03-14T01:27:36.627Z,https://t3.rbxcdn.com/a6c9cb72a4440146f4b6ca88356d2e37
163,1398015046,dance moms - aldc studio,303.0,81.0,https://www.roblox.com/games/refer?IsLargeGameTile=false&PageId=51f457b8-3081-4a51-8e4f-e3030ea7daee&PageType=Games&PlaceId=4335213034&Position=11&SortName=Curated_71&SortPosition=6&LocalTimestamp=2021-03-14T01:27:37.119Z,https://t2.rbxcdn.com/7ac48b59209b6df983813677228148e1
268,671171740,unofficial egg hunt 2021,295.0,74.0,https://www.roblox.com/games/refer?IsLargeGameTile=false&PageId=51f457b8-3081-4a51-8e4f-e3030ea7daee&PageType=Games&PlaceId=1839903782&Position=32&SortName=Curated_94&SortPosition=9&LocalTimestamp=2021-03-14T01:27:37.334Z,https://t4.rbxcdn.com/3342909fb67e02bf0a6f8351f52a0511
264,27484317,framed! [huge update],274.0,79.0,https://www.roblox.com/games/refer?IsLargeGameTile=false&PageId=51f457b8-3081-4a51-8e4f-e3030ea7daee&PageType=Games&PlaceId=29812337&Position=28&SortName=Curated_94&SortPosition=9&LocalTimestamp=2021-03-14T01:27:37.333Z,https://t3.rbxcdn.com/58e4df3c670bae736667e65ee2f81dfa
161,1518281049,[new slide!]  Ô∏è water park: briquatica,265.0,65.0,https://www.roblox.com/games/refer?IsLargeGameTile=false&PageId=51f457b8-3081-4a51-8e4f-e3030ea7daee&PageType=Games&PlaceId=4625797707&Position=9&SortName=Curated_71&SortPosition=6&LocalTimestamp=2021-03-14T01:27:37.118Z,https://t7.rbxcdn.com/8cb9dd7c4361da91dcb0fcbcd5f8f43f
254,1776492801,group recruiting plaza 2020,254.0,76.0,https://www.roblox.com/games/refer?IsLargeGameTile=false&PageId=51f457b8-3081-4a51-8e4f-e3030ea7daee&PageType=Games&PlaceId=5118029260&Position=18&SortName=Curated_94&SortPosition=9&LocalTimestamp=2021-03-14T01:27:37.327Z,https://t4.rbxcdn.com/d7ccdf19ca9b7b801b8154f29ce8d7e0
166,1584436693,  cruise life,240.0,78.0,https://www.roblox.com/games/refer?IsLargeGameTile=false&PageId=51f457b8-3081-4a51-8e4f-e3030ea7daee&PageType=Games&PlaceId=4743001427&Position=14&SortName=Curated_71&SortPosition=6&LocalTimestamp=2021-03-14T01:27:37.119Z,https://t7.rbxcdn.com/392f95c4b9c4c9ed6647397b15237848
158,2191008915,‚ùÑÔ∏èsnowballer,234.0,78.0,https://www.roblox.com/games/refer?IsLargeGameTile=false&PageId=51f457b8-3081-4a51-8e4f-e3030ea7daee&PageType=Games&PlaceId=6048370697&Position=6&SortName=Curated_71&SortPosition=6&LocalTimestamp=2021-03-14T01:27:37.118Z,https://t5.rbxcdn.com/fcc0f2efcb20ca72c35f9499c426f905
210,232409856,gymnastics gymnasium,215.0,83.0,https://www.roblox.com/games/refer?IsLargeGameTile=false&PageId=51f457b8-3081-4a51-8e4f-e3030ea7daee&PageType=Games&PlaceId=582016015&Position=26&SortName=Curated_67&SortPosition=7&LocalTimestamp=2021-03-14T01:27:36.635Z,https://t5.rbxcdn.com/d9b2951c0df3c8cdb5912393b464a8d1
178,1720468795,water park! ,202.0,71.0,https://www.roblox.com/games/refer?IsLargeGameTile=false&PageId=51f457b8-3081-4a51-8e4f-e3030ea7daee&PageType=Games&PlaceId=4995012899&Position=26&SortName=Curated_71&SortPosition=6&LocalTimestamp=2021-03-14T01:27:37.122Z,https://t2.rbxcdn.com/f34bc415ff4d554f9c405231493fd473
199,300039023,[v1.7] stepford county railway,198.0,80.0,https://www.roblox.com/games/refer?IsLargeGameTile=false&PageId=51f457b8-3081-4a51-8e4f-e3030ea7daee&PageType=Games&PlaceId=696347899&Position=15&SortName=Curated_67&SortPosition=7&LocalTimestamp=2021-03-14T01:27:36.630Z,https://t4.rbxcdn.com/c65f205729bd6aa7e7883d5f7343270a
256,1543009199,flex your account age,177.0,84.0,https://www.roblox.com/games/refer?IsLargeGameTile=false&PageId=51f457b8-3081-4a51-8e4f-e3030ea7daee&PageType=Games&PlaceId=4669056864&Position=20&SortName=Curated_94&SortPosition=9&LocalTimestamp=2021-03-14T01:27:37.329Z,https://t6.rbxcdn.com/ef80d514fea1d248222fac211d204bfe
201,1258866324,defusal  ,175.0,83.0,https://www.roblox.com/games/refer?IsLargeGameTile=false&PageId=51f457b8-3081-4a51-8e4f-e3030ea7daee&PageType=Games&PlaceId=3577061261&Position=17&SortName=Curated_67&SortPosition=7&LocalTimestamp=2021-03-14T01:27:36.630Z,https://t4.rbxcdn.com/79e0e84fa6346b4d16373726465d04af
171,1940051735,business legends  ,162.0,79.0,https://www.roblox.com/games/refer?IsLargeGameTile=false&PageId=51f457b8-3081-4a51-8e4f-e3030ea7daee&PageType=Games&PlaceId=5551657553&Position=19&SortName=Curated_71&SortPosition=6&LocalTimestamp=2021-03-14T01:27:37.120Z,https://t3.rbxcdn.com/feafe50bcb1c8e6e11425343042cb18f
224,715769634,q-clash!,155.0,86.0,https://www.roblox.com/games/refer?IsLargeGameTile=false&PageId=51f457b8-3081-4a51-8e4f-e3030ea7daee&PageType=Games&PlaceId=2029250188&Position=8&SortName=Featured&SortPosition=8&LocalTimestamp=2021-03-14T01:27:36.542Z,https://t1.rbxcdn.com/25d2ae09dcfbf833865ca270c0e0daff
183,496476715,venti cafe ‚òï,150.0,58.0,https://www.roblox.com/games/refer?IsLargeGameTile=false&PageId=51f457b8-3081-4a51-8e4f-e3030ea7daee&PageType=Games&PlaceId=1217895158&Position=31&SortName=Curated_71&SortPosition=6&LocalTimestamp=2021-03-14T01:27:37.123Z,https://t5.rbxcdn.com/ae239929d7beff8ca78bee8f75e78441
196,1327949789,stackables,149.0,68.0,https://www.roblox.com/games/refer?IsLargeGameTile=false&PageId=51f457b8-3081-4a51-8e4f-e3030ea7daee&PageType=Games&PlaceId=3905564303&Position=12&SortName=Curated_67&SortPosition=7&LocalTimestamp=2021-03-14T01:27:36.629Z,https://t4.rbxcdn.com/9463dab8ebcc585c0b73e917d8cbb452
150,1651278324,free items game!,139.0,88.0,https://www.roblox.com/games/refer?IsLargeGameTile=false&PageId=51f457b8-3081-4a51-8e4f-e3030ea7daee&PageType=Games&PlaceId=4857298151&Position=30&SortName=TopRetaining&SortPosition=5&LocalTimestamp=2021-03-14T01:27:36.988Z,https://t2.rbxcdn.com/95d63d018e5fefa3a3e9f4c96421f452
121,1858105063,island of move,134.0,87.0,https://www.roblox.com/games/refer?IsLargeGameTile=false&PageId=51f457b8-3081-4a51-8e4f-e3030ea7daee&PageType=Games&PlaceId=5306359293&Position=1&SortName=TopRetaining&SortPosition=5&LocalTimestamp=2021-03-14T01:27:36.977Z,https://t3.rbxcdn.com/06469d2dce9fe75158217d25fcdb0445
153,2162459720,‚òÄÔ∏è  summer camp,127.0,75.0,https://www.roblox.com/games/refer?IsLargeGameTile=false&PageId=51f457b8-3081-4a51-8e4f-e3030ea7daee&PageType=Games&PlaceId=5994322179&Position=1&SortName=Curated_71&SortPosition=6&LocalTimestamp=2021-03-14T01:27:37.116Z,https://t7.rbxcdn.com/6a88534f315e265c15cdeceadaf6d029
159,419712635,   work at a hotel!      | solera resort v2,109.0,69.0,https://www.roblox.com/games/refer?IsLargeGameTile=false&PageId=51f457b8-3081-4a51-8e4f-e3030ea7daee&PageType=Games&PlaceId=1004691966&Position=7&SortName=Curated_71&SortPosition=6&LocalTimestamp=2021-03-14T01:27:37.118Z,https://t7.rbxcdn.com/c16560e8b94ef9b0649a2d890e9a7ffb
190,1096507818,‚ò¢Ô∏è qs energy research facility,103.0,85.0,https://www.roblox.com/games/refer?IsLargeGameTile=false&PageId=51f457b8-3081-4a51-8e4f-e3030ea7daee&PageType=Games&PlaceId=3039795291&Position=6&SortName=Curated_67&SortPosition=7&LocalTimestamp=2021-03-14T01:27:36.627Z,https://t3.rbxcdn.com/a8fb1a34168eb1d1f063bb5c38c31d76
122,1375027828,roblox creator challenge,89.0,80.0,https://www.roblox.com/games/refer?IsLargeGameTile=false&PageId=51f457b8-3081-4a51-8e4f-e3030ea7daee&PageType=Games&PlaceId=4201429814&Position=2&SortName=TopRetaining&SortPosition=5&LocalTimestamp=2021-03-14T01:27:36.977Z,https://t5.rbxcdn.com/88951f3b7d112f407fb5d108f2553135
174,312310157,boba cafe v2,87.0,73.0,https://www.roblox.com/games/refer?IsLargeGameTile=false&PageId=51f457b8-3081-4a51-8e4f-e3030ea7daee&PageType=Games&PlaceId=718328620&Position=22&SortName=Curated_71&SortPosition=6&LocalTimestamp=2021-03-14T01:27:37.121Z,https://t7.rbxcdn.com/651f3b695b157480cb24bc0ca847cce0
173,1275838271,theme park: gravity oasis ,77.0,56.0,https://www.roblox.com/games/refer?IsLargeGameTile=false&PageId=51f457b8-3081-4a51-8e4f-e3030ea7daee&PageType=Games&PlaceId=3652381631&Position=21&SortName=Curated_71&SortPosition=6&LocalTimestamp=2021-03-14T01:27:37.121Z,https://t6.rbxcdn.com/2b1b1d09869dc8dd794f009791a34129
154,1915140870,ocean hotels v4 [pets / trails],76.0,64.0,https://www.roblox.com/games/refer?IsLargeGameTile=false&PageId=51f457b8-3081-4a51-8e4f-e3030ea7daee&PageType=Games&PlaceId=5476941391&Position=2&SortName=Curated_71&SortPosition=6&LocalTimestamp=2021-03-14T01:27:37.117Z,https://t2.rbxcdn.com/2a013bea2809141dbef87709dd1dd2c1
185,1999133843,power n chill,76.0,81.0,https://www.roblox.com/games/refer?IsLargeGameTile=false&PageId=51f457b8-3081-4a51-8e4f-e3030ea7daee&PageType=Games&PlaceId=5670764668&Position=1&SortName=Curated_67&SortPosition=7&LocalTimestamp=2021-03-14T01:27:36.626Z,https://t2.rbxcdn.com/8564028ee67e692753579786254fddcd
186,1167712647,mount kenya,65.0,61.0,https://www.roblox.com/games/refer?IsLargeGameTile=false&PageId=51f457b8-3081-4a51-8e4f-e3030ea7daee&PageType=Games&PlaceId=3232281744&Position=2&SortName=Curated_67&SortPosition=7&LocalTimestamp=2021-03-14T01:27:36.626Z,https://t7.rbxcdn.com/5ebdf195d5ec180cb7688e8736d023a8
193,1449627231,olympus mons climbing roleplay [mars],61.0,62.0,https://www.roblox.com/games/refer?IsLargeGameTile=false&PageId=51f457b8-3081-4a51-8e4f-e3030ea7daee&PageType=Games&PlaceId=4517936696&Position=9&SortName=Curated_67&SortPosition=7&LocalTimestamp=2021-03-14T01:27:36.627Z,https://t0.rbxcdn.com/4b215675b15a6cf240802c75788aa353
212,2121987190,carmen sandiego: lost treasure,60.0,59.0,https://www.roblox.com/games/refer?IsLargeGameTile=false&PageId=51f457b8-3081-4a51-8e4f-e3030ea7daee&PageType=Games&PlaceId=5917776099&Position=28&SortName=Curated_67&SortPosition=7&LocalTimestamp=2021-03-14T01:27:36.635Z,https://t7.rbxcdn.com/df8a11b45cb79de87ab6b81871b7e405
214,2112913068,  leeshire bus simulator beta,59.0,61.0,https://www.roblox.com/games/refer?IsLargeGameTile=false&PageId=51f457b8-3081-4a51-8e4f-e3030ea7daee&PageType=Games&PlaceId=5900712848&Position=30&SortName=Curated_67&SortPosition=7&LocalTimestamp=2021-03-14T01:27:36.636Z,https://t5.rbxcdn.com/3a8de3e57309eb0c4a36160562ab7977
204,88026834,world expedition,56.0,88.0,https://www.roblox.com/games/refer?IsLargeGameTile=false&PageId=51f457b8-3081-4a51-8e4f-e3030ea7daee&PageType=Games&PlaceId=185555379&Position=20&SortName=Curated_67&SortPosition=7&LocalTimestamp=2021-03-14T01:27:36.631Z,https://t4.rbxcdn.com/1bc77750fb81b3402e2a1cc6116d95c7
124,2148657137,ready player two hub,51.0,89.0,https://www.roblox.com/games/refer?IsLargeGameTile=false&PageId=51f457b8-3081-4a51-8e4f-e3030ea7daee&PageType=Games&PlaceId=5967514178&Position=4&SortName=TopRetaining&SortPosition=5&LocalTimestamp=2021-03-14T01:27:36.980Z,https://t6.rbxcdn.com/469d7bdedcd045f6d5acd51fec82aa3b
179,32166253,theme park: roblox point  ,50.0,76.0,https://www.roblox.com/games/refer?IsLargeGameTile=false&PageId=51f457b8-3081-4a51-8e4f-e3030ea7daee&PageType=Games&PlaceId=17470283&Position=27&SortName=Curated_71&SortPosition=6&LocalTimestamp=2021-03-14T01:27:37.122Z,https://t3.rbxcdn.com/053ce1ff7dbecb2b7ccb5bd8062bc00c
192,1276997182,broken hill nuclear power station,48.0,77.0,https://www.roblox.com/games/refer?IsLargeGameTile=false&PageId=51f457b8-3081-4a51-8e4f-e3030ea7daee&PageType=Games&PlaceId=3657848528&Position=8&SortName=Curated_67&SortPosition=7&LocalTimestamp=2021-03-14T01:27:36.627Z,https://t5.rbxcdn.com/2ffaed70eccc6473ede0dcc812166bcd
177,782836330,update - apsley bus simulator v4,45.0,68.0,https://www.roblox.com/games/refer?IsLargeGameTile=false&PageId=51f457b8-3081-4a51-8e4f-e3030ea7daee&PageType=Games&PlaceId=2253635284&Position=25&SortName=Curated_71&SortPosition=6&LocalTimestamp=2021-03-14T01:27:37.122Z,https://t4.rbxcdn.com/97666c99d1c0232267b76797a2b91d09
205,106510584,terminal railways,44.0,83.0,https://www.roblox.com/games/refer?IsLargeGameTile=false&PageId=51f457b8-3081-4a51-8e4f-e3030ea7daee&PageType=Games&PlaceId=261290060&Position=21&SortName=Curated_67&SortPosition=7&LocalTimestamp=2021-03-14T01:27:36.632Z,https://t2.rbxcdn.com/4c606a29a1a21c0a182e8939e2e80395
216,1945778773,break roblox [floating point graphic limitations],39.0,72.0,https://www.roblox.com/games/refer?IsLargeGameTile=false&PageId=51f457b8-3081-4a51-8e4f-e3030ea7daee&PageType=Games&PlaceId=5568666295&Position=32&SortName=Curated_67&SortPosition=7&LocalTimestamp=2021-03-14T01:27:36.637Z,https://t5.rbxcdn.com/6ec85632b656815fdf25ed1af5e3191e
187,901968909,build world,34.0,69.0,https://www.roblox.com/games/refer?IsLargeGameTile=false&PageId=51f457b8-3081-4a51-8e4f-e3030ea7daee&PageType=Games&PlaceId=2530843116&Position=3&SortName=Curated_67&SortPosition=7&LocalTimestamp=2021-03-14T01:27:36.626Z,https://t5.rbxcdn.com/ee93c2389483fbcb7aee85de421a124b
170,925495480, [pink st patricks day update] ‚ô°miss hom,33.0,61.0,https://www.roblox.com/games/refer?IsLargeGameTile=false&PageId=51f457b8-3081-4a51-8e4f-e3030ea7daee&PageType=Games&PlaceId=2585436271&Position=18&SortName=Curated_71&SortPosition=6&LocalTimestamp=2021-03-14T01:27:37.120Z,https://t4.rbxcdn.com/d5f5f3b8dcf49b04b97b02825ca976d9
137,1157366952,creator challenge  quiz,29.0,76.0,https://www.roblox.com/games/refer?IsLargeGameTile=false&PageId=51f457b8-3081-4a51-8e4f-e3030ea7daee&PageType=Games&PlaceId=3204381131&Position=17&SortName=TopRetaining&SortPosition=5&LocalTimestamp=2021-03-14T01:27:36.985Z,https://t1.rbxcdn.com/1be43c263e23591fabce6744c8178ed4
167,928191592,kelseyanna's homestore,20.0,53.0,https://www.roblox.com/games/refer?IsLargeGameTile=false&PageId=51f457b8-3081-4a51-8e4f-e3030ea7daee&PageType=Games&PlaceId=2591837022&Position=15&SortName=Curated_71&SortPosition=6&LocalTimestamp=2021-03-14T01:27:37.119Z,https://t7.rbxcdn.com/8f8061ce85769be620e703cd403d659f
207,1229576603,liftoff  ,19.0,74.0,https://www.roblox.com/games/refer?IsLargeGameTile=false&PageId=51f457b8-3081-4a51-8e4f-e3030ea7daee&PageType=Games&PlaceId=3454641910&Position=23&SortName=Curated_67&SortPosition=7&LocalTimestamp=2021-03-14T01:27:36.633Z,https://t1.rbxcdn.com/769be96f581a77202ae113bec2574367
191,1266995494,fire escape! (beta),17.0,54.0,https://www.roblox.com/games/refer?IsLargeGameTile=false&PageId=51f457b8-3081-4a51-8e4f-e3030ea7daee&PageType=Games&PlaceId=3614299735&Position=7&SortName=Curated_67&SortPosition=7&LocalTimestamp=2021-03-14T01:27:36.627Z,https://t0.rbxcdn.com/e59ced69861d9a2193e49de6b4a7c54d
195,1906751719,math simulator!,14.0,29.0,https://www.roblox.com/games/refer?IsLargeGameTile=false&PageId=51f457b8-3081-4a51-8e4f-e3030ea7daee&PageType=Games&PlaceId=5450332716&Position=11&SortName=Curated_67&SortPosition=7&LocalTimestamp=2021-03-14T01:27:36.627Z,https://t5.rbxcdn.com/2a9d3ec9f4ca15bb7ee6e325a93f7c1d
203,1629522926,ü™êvibe nation [update 4/10],14.0,88.0,https://www.roblox.com/games/refer?IsLargeGameTile=false&PageId=51f457b8-3081-4a51-8e4f-e3030ea7daee&PageType=Games&PlaceId=4817170120&Position=19&SortName=Curated_67&SortPosition=7&LocalTimestamp=2021-03-14T01:27:36.631Z,https://t1.rbxcdn.com/b127ed6ee22c62509f0cf441dac6a28e
194,1135815830,subterranean research base,7.0,80.0,https://www.roblox.com/games/refer?IsLargeGameTile=false&PageId=51f457b8-3081-4a51-8e4f-e3030ea7daee&PageType=Games&PlaceId=3146628968&Position=10&SortName=Curated_67&SortPosition=7&LocalTimestamp=2021-03-14T01:27:36.627Z,https://t3.rbxcdn.com/1ab2c7f34abf884d30ca2b07fb95899b
249,2375272023,my tree house tycoon  ,6.0,78.0,https://www.roblox.com/games/refer?IsLargeGameTile=false&PageId=51f457b8-3081-4a51-8e4f-e3030ea7daee&PageType=Games&PlaceId=6394064307&Position=13&SortName=Curated_94&SortPosition=9&LocalTimestamp=2021-03-14T01:27:37.326Z,https://t6.rbxcdn.com/3bfeb2aa232f0c3cb7d4906f2c21cc03
